"COLUMN1"	"COLUMN2"
"100116"	"37:0.2335;66:0.2292;26:0.2206;34:0.2121;25:0.2078;31:0.2019;57:0.1933;55:0.1826;60:0.181;56:0.1778;68:0.1628;369:0.1569;64:0.1548;61:0.1532;94:0.1505;80:0.1489;36:0.1489;209:0.1366;72:0.1366;237:0.1307;67:0.1307;1253:0.1301;65:0.1291;93:0.1291;998:0.1253;117:0.1216;230:0.121;148:0.121;69:0.121;229:0.1157;331:0.1157;14:0.1135;203:0.1119;214:0.1119;2032:0.1071;275:0.105;75:0.1034;184:0.1034;182:0.1028"
"100737"	"7:0.643;10:0.3496;42:0.3043;32:0.2831;9:0.2601;266:0.2256;124:0.1815;21:0.1548;1279:0.1276;259:0.1101;341:0.1089;1079:0.1052;402:0.1022"
"1007387"	"83:0.5879;103:0.443;146:0.3903;2150:0.2537;481:0.1611;7024:0.1378;37:0.1092;26:0.1001"
"1004630"	"36:0.317;84:0.2878;971:0.2241;34:0.218;25:0.211;31:0.2064;26:0.188;391:0.1834;33966:0.1642;10652:0.1635;10884:0.1619;60:0.1619;68:0.1619;2:0.1589;3108:0.1497;12624:0.1481;4:0.1466;5:0.1351;51455:0.1335;1018:0.132;36076:0.1274;8:0.1274;71:0.1182;80:0.1167;355:0.1105;297:0.1074;87:0.1059;896:0.1051;165:0.1036;47:0.1028;11:0.1013"
"1015301"	"146:0.478;103:0.4446;83:0.4012;31:0.1862;34:0.1708;242:0.1699;1004:0.1604;6:0.1523;26:0.1464;52:0.1324;25:0.1306;79:0.1301;337:0.1188;3901:0.1021"
"1014391"	"112:0.4693;3263:0.4026;2:0.3557;18651:0.2791;10:0.2693;4399:0.2693;6400:0.2693;46324:0.2668;3078:0.252;2791:0.247"
"1018719"	"10:0.3108;242:0.3072;26:0.2349;25:0.2254;84:0.22;31:0.2195;337:0.2147;34:0.2011;40:0.1779;3209:0.1643;107:0.156;49:0.1518;95:0.1495;56:0.1453;80:0.1441;52:0.1406;226:0.1358;66:0.1346;57:0.1293;72:0.124;94:0.1204;55:0.1204;118:0.1204;334:0.1192;87:0.1109;37:0.1079;910:0.1038;71:0.1032;36:0.1026;65:0.1014;205:0.1008"
"1016219"	"32:0.8406;48:0.3853;137:0.1225;113:0.1086;41:0.1071;1932:0.1068"
"1026800"	"395:0.3949;4204:0.3552;742:0.3493;7663:0.3334;12426:0.3255;618:0.3155;1844:0.3116;2810:0.3096;5218:0.2937"
"1046703"	"112:1.0"
"1027850"	"25:0.3085;26:0.3085;31:0.2902;87:0.2791;34:0.2424;71:0.194;60:0.1868;61:0.1857;53:0.1823;56:0.149;300:0.1406;82:0.1368;68:0.1368;28145:0.1356;67:0.1356;55:0.1351;37:0.1351;6534:0.134;33:0.1329;64:0.1329;57:0.1317;6068:0.1301;208:0.1195;65:0.1195;1380:0.1134;79:0.1028"
"1035135"	"7:0.6675;361:0.285;634:0.2297;780:0.2155;63:0.2117;17:0.208;1306:0.1757;1412:0.1503;1543:0.1496;37:0.1354;19:0.1341;114:0.1267;9:0.1198;10:0.108;26:0.1024;25:0.1012"
"1034438"	"146:0.3323;83:0.3066;103:0.2772;10:0.2629;17:0.2599;14:0.2323;27:0.209;87:0.2012;36:0.1754;84:0.1754;273:0.1527;1127:0.1521;52:0.1263;710:0.1228;262:0.1174;13:0.1162;200:0.1084;58:0.1072;31:0.1066;562:0.1024;56:0.1018;136:0.1006"
"1036669"	"206:0.6235;40:0.621;10:0.475"
"1047255"	"1696:1.0"
"104413"	"277:0.7178;5:0.2517;68:0.18;26:0.1742;10:0.1646;60:0.1632;72:0.1493;31:0.139;40:0.1376;25:0.1376;66:0.1302;34:0.1222;37:0.1215;47:0.1185;205:0.1127;64:0.1061"
"1072491"	"83:0.5447;146:0.4586;103:0.3585;12:0.2246;25:0.2037;34:0.1955;10:0.1816;242:0.1746;26:0.1606;31:0.1502;942:0.1408;37:0.1397;56:0.1397;60:0.1304;2652:0.1292;68:0.1222;337:0.1222"
"1061620"	"12:1.0"
"1060488"	"235:0.435;146:0.3407;103:0.3304;5:0.3263;51:0.3037;83:0.3017;10:0.2893;177:0.2463;40:0.2339;35:0.2319;689:0.2073"
"1067032"	"141:0.6441;37:0.3052;66:0.2566;14:0.2198;107:0.1838;94:0.1783;80:0.1343;49:0.134;75:0.1263;72:0.1173;256:0.1148;208:0.1136;95:0.113;198:0.1108;2:0.1059;351:0.1009;34:0.1006"
"1063966"	"594:0.2843;297:0.2741;16705:0.2613;190:0.2511;11114:0.246;84:0.23;1841:0.2121;10:0.1885;49:0.175;3102:0.1725;26:0.1552;25:0.1533;31:0.1527;60:0.1514;40:0.1489;34:0.1393;87991:0.1303;789:0.1278;1216:0.1144;3076:0.1131;2347:0.1086;71:0.106;759:0.1054;24698:0.1041;66:0.1016;3413:0.1009;138:0.1003;10415:0.1003"
"107322"	"100:0.3091;291:0.2724;320:0.2396;626:0.2377;14:0.1945;208:0.1869;1479:0.1757;234:0.1691;125:0.1672;52:0.1616;102:0.1606;95:0.1588;342:0.1578;49:0.1569;3176:0.155;80:0.1541;69:0.1484;202:0.1447;198:0.1372;5613:0.1372;713:0.1334;336:0.1315;474:0.1278;6407:0.1259;452:0.1259;42318:0.1249;236:0.1165;10:0.1118;509:0.1099;9563:0.1099;6362:0.1099;3636:0.1099;41879:0.109;1024:0.1071;3897:0.1062;47768:0.1052;1614:0.1052;1778:0.1033;92:0.1015;1854:0.1015;355:0.1005;5261:0.1005"
"1078562"	"1:1.0"
"1076617"	"29313:0.6597;664:0.2737;26965:0.2445;189:0.1882;1685:0.178;1284:0.1768;1692:0.1742;857:0.1741;1019:0.1608;95:0.1538;4254:0.1526;49:0.1471;26:0.1299;2:0.1263;34:0.1189;31:0.1022"
"1081334"	"295:0.7251;261:0.6814;90:0.1"
"1086595"	"26:0.3134;25:0.3098;31:0.299;14:0.2683;94:0.2665;87:0.2593;37:0.2575;71:0.2359;34:0.2323;214:0.2323;92:0.2233;66:0.2107;30:0.2035;67:0.1981;80:0.1891;49:0.1819;110:0.1801"
"1085823"	"12:0.5487;15:0.5202;1592:0.4878;5828:0.2014;17454:0.1493;103:0.1404;171:0.1089;176:0.1034"
"1085059"	"37:0.3932;289:0.2933;66:0.2872;3815:0.2058;482:0.1898;350:0.1849;75:0.1787;381:0.1775;1245:0.175;167:0.175;72:0.1701;93:0.1689;313:0.1652;406:0.1627;1092:0.159;35:0.159;14:0.1565;16750:0.1541;5108:0.1528;1861:0.1528;447:0.1504;463:0.1491;2099:0.1405;1987:0.1368;254:0.1356;27342:0.1319;23689:0.1306;4373:0.1269;343:0.1245;30193:0.1232"
"1088428"	"26:0.3874;25:0.3294;34:0.3116;31:0.3099;10:0.1861;56:0.1836;61:0.1822;55:0.1816;315:0.1788;67:0.1659;57:0.1628;40:0.1492;65:0.1485;64:0.1349;71:0.1304;268:0.1266;37:0.1259;1943:0.1123;79:0.1099;52:0.1043;6974:0.1036"
"1097705"	"2249:1.0"
"1101545"	"26:0.3052;31:0.2259;25:0.2192;34:0.215;66:0.1998;55:0.198;57:0.1817;67:0.1762;14:0.1756;37:0.1756;75:0.1659;68:0.1568;61:0.152;49:0.1508;65:0.149;56:0.1471;64:0.1465;148:0.1399;79:0.1393;2:0.1387;138:0.135;80:0.1338;4:0.1272;159:0.1259;615:0.1247;170:0.1223;248:0.1181;8012:0.1157;4179:0.115;2355:0.1102;261:0.109;95:0.109;457:0.1054;342:0.1041;182:0.1029;204:0.1023;10:0.1011"
"110775"	"13764:0.224;93536:0.2221;44515:0.2156;2592:0.2142;8242:0.2051;2149:0.1981;7301:0.1899;417:0.1822;799:0.1633;63860:0.1602;8450:0.1567;854:0.1556;51049:0.1551;595:0.1469;557:0.1446;75819:0.1418;25:0.1348;9125:0.1343;255:0.1338;11000:0.1317;280:0.1308;20409:0.1296;9424:0.1287;134779:0.1282;39592:0.1278;1064:0.1268;51206:0.1261;75:0.1245;380:0.1231;27686:0.1208;320:0.1198;27472:0.1196;7767:0.117;219:0.1163;14726:0.1142;27897:0.113;234:0.1128;2369:0.1128;129680:0.1126;54607:0.1105;4933:0.11;34:0.107;27460:0.1063;383:0.1049;47313:0.1044;26:0.1014;55:0.1009"
"1109991"	"802:0.246;57011:0.2171;10:0.2097;123:0.1998;14559:0.1981;25:0.1808;15684:0.1808;2565:0.1791;40:0.175;87:0.1742;31:0.1701;7057:0.161;65:0.161;2320:0.1593;14:0.1585;67:0.1577;49:0.1527;57:0.1486;55:0.1461;75:0.1428;56:0.1387;627:0.1354;4017:0.1296;26:0.1288;718:0.128;68:0.1271;10559:0.1255;34:0.1238;95:0.1238;5317:0.1189;531:0.1172;61:0.1156;64:0.1156;208:0.1147;578:0.1131;170:0.1073;191:0.1065;11136:0.1007"
"1112707"	"5835:0.3377;251:0.307;60:0.237;71:0.2159;329:0.212;66:0.1996;613:0.1957;14:0.1909;8563:0.1823;100:0.1775;3947:0.1689;371:0.1669;68:0.1641;84:0.1612;10:0.1602;37:0.1573;171:0.1564;95429:0.1545;463:0.1525;1771:0.1458;9940:0.1458;11738:0.143;26:0.1401;3:0.1334;25:0.1276;176:0.1218;40:0.1171;38109:0.1161;31:0.1094;86:0.1075;281:0.1036;146:0.1027;34:0.1027"
"1114135"	"146:0.3802;5795:0.3698;72035:0.3481;83:0.3216;103:0.3094;17934:0.2342;639:0.1486;3:0.1477;2643:0.139;25534:0.1321;191:0.1178;72:0.1156"
"1119157"	"37:0.2686;107:0.1862;66:0.1811;225:0.1797;26:0.175;297:0.1727;25:0.1699;345:0.169;14:0.1606;34625:0.1601;255:0.1601;12701:0.1587;29284:0.1578;906:0.1532;75:0.1508;16434:0.149;49:0.1438;141:0.1424;78:0.1401;28747:0.1397;93:0.1392;31:0.1383;2985:0.1364;289:0.1355;280:0.1355;219:0.1341;368558:0.1331;51:0.1331;23423:0.1327;8659:0.1257;357003:0.1238;181942:0.1224;110213:0.122;34:0.1168;390:0.1159;55730:0.115;11891:0.115;575:0.1145;30126:0.114;14170:0.1136;72:0.1127;134:0.1122;2048:0.1094;16353:0.1094;3487:0.1089;243:0.1066;354:0.1066;5188:0.1061;4064:0.1057"
"1137913"	"10:0.5967;66:0.2083;248:0.2008;52:0.1758;34:0.1692;25:0.16;412:0.1525;1177:0.1417;84:0.1417;18165:0.13;56:0.1275;148:0.1275;31:0.125;20234:0.1242;42:0.1217;26:0.12;518:0.1133;124:0.1125;117:0.1117;397:0.11;68:0.11;268:0.11;14:0.11;125:0.1067;69:0.105;550:0.105;60:0.1017;48000:0.1"
"1144571"	"41:0.5038;16:0.48;25:0.1816;44:0.1756;26:0.1717;31:0.1552;68:0.1492;34:0.1486;60:0.1486;83:0.1393;167:0.1294;201:0.1255;1501:0.1195;95:0.1122;75:0.1083;406:0.1037;165:0.103;214:0.101"
"1152440"	"999:0.3772;391:0.3571;677:0.2448;4326:0.2109;910:0.2066;1020:0.2066;71563:0.1971;2687:0.1876;2549:0.177;94:0.1738;371:0.1706;1501:0.1674;1859:0.1568;3725:0.1536;52:0.1515;23310:0.1452;5636:0.1441;33364:0.1409;859:0.1378;11026:0.1367;11704:0.1303;11008:0.1293;1747:0.1272;550:0.1219;575:0.1176;6017:0.1144;9984:0.1144;138:0.1144;7671:0.1123;20889:0.1091;719:0.1081;704:0.1081;6811:0.107"
"1153257"	"83:0.4425;146:0.4412;103:0.3472;17:0.2285;10:0.1879;583:0.1875;14:0.1853;236:0.1769;12:0.1694;58:0.1363;2:0.1359;82943:0.1196;25:0.1138;80:0.1085;26:0.1041;264:0.1041;315:0.101"
"1159334"	"418:0.7617;2:0.6479"
"1168352"	"622:0.3957;1316:0.2633;405:0.2429;2294:0.2238;312:0.221;10469:0.1951;7688:0.1842;3956:0.1828;2372:0.1815;319:0.1801;798:0.1787;5912:0.1787;5389:0.1774;4994:0.1746;5751:0.1719;438:0.1705;5358:0.1678;185:0.1624;2392:0.1624;6710:0.1583;37:0.1555;410:0.1555;19017:0.1514;1206:0.1487;313:0.146;25022:0.1433;117:0.1405"
"1170027"	"269:0.9686"
"1175250"	"242:0.4923;34:0.3393;337:0.3387;31:0.2895;25:0.2426;56:0.2414;26:0.1981;79:0.1963;57:0.1782;55:0.1758;64:0.1617;37:0.153;65:0.1506;107:0.1424;67:0.1418;61:0.1131;226:0.1113"
"1175089"	"251:0.2862;37:0.2853;94:0.2665;2:0.1802;84:0.1794;1:0.1794;468:0.1768;208:0.1726;107:0.1666;463:0.1657;117:0.1632;214:0.1614;4326:0.1503;21649:0.1478;165:0.1478;49:0.1409;66:0.1333;204:0.1324;93:0.1307;6:0.1298;9201:0.1298;290:0.1247;75:0.1239;350:0.1239;72:0.1196;448:0.1179;4:0.1145;95:0.1136;8:0.1102;71:0.1093;124:0.1093;369:0.1076;371:0.1051;215:0.1051;5108:0.1051;68:0.1042;161:0.1034;260:0.1017;810:0.1008;5871:0.1008"
"1180227"	"2705:0.7724;931:0.6351"
"1178527"	"66:0.2752;37:0.2182;110:0.217;227:0.2087;214:0.1981;72:0.1933;3981:0.191;461:0.1886;228:0.1862;807:0.1838;94:0.1838;290:0.1826;14:0.1803;206:0.1803;2635:0.1755;1103:0.1684;1806:0.1684;209:0.166;203:0.1613;69:0.1542;149:0.1542;325:0.1506;281:0.1494;80:0.1494;284:0.1483;202:0.14;587:0.134;464:0.1269;204:0.1245;225:0.1245;327:0.1233;263:0.1222;260:0.1222;477:0.121;38329:0.1198"
"1181753"	"1684:0.5118;30885:0.3519;25871:0.3002;20043:0.2891;2304:0.2178;8269:0.2141;8505:0.2129;2260:0.2018;2206:0.1956;6:0.1735;46618:0.1735;116568:0.1587;1:0.1575;25:0.1476;20:0.1464;16010:0.1427;3993:0.1329;943:0.1267;24:0.1243"
"1186870"	"7:0.8869;9:0.1973;30:0.1626;236:0.1491;19:0.1394;1:0.1264;264:0.1162;85:0.1061"
"1198224"	"17:0.3374;198:0.2996;159:0.2525;151:0.2297;37:0.2068;98:0.199;2:0.1826;75:0.1819;95:0.1797;72:0.1769;26:0.1391;174:0.1377;736:0.1377;66:0.1369;94:0.1369;598:0.1369;86:0.1277;189:0.1255;71:0.1213;1884:0.1177;58:0.1163;148:0.1141;52:0.1141;118:0.1141;1019:0.112;185:0.1098;157:0.1091;28:0.1084;475:0.1034;256:0.102;167:0.102;49:0.1013;78:0.1006"
"1208441"	"37:0.2971;94:0.262;124:0.2312;2:0.221;10:0.195;290:0.1837;31:0.1772;141:0.1729;26:0.1675;17:0.1664;25:0.1664;55:0.1604;112:0.1604;34:0.1523;167:0.1426;27:0.1405;83:0.1361;6:0.1345;72:0.1345;66:0.134;1127:0.1334;183:0.1307;229:0.1232;65:0.1232;204:0.1216;57:0.1194;452:0.114;61:0.1129;56:0.1107;7:0.1097;67:0.1097;417:0.1097;14:0.1091;49:0.107;255:0.107;64:0.1053;208:0.1043"
"1213380"	"159:0.3465;37:0.3134;107:0.2898;26:0.2266;25:0.2237;72:0.2143;31:0.2115;14:0.2105;34:0.2039;141:0.1964;66:0.1775;151:0.1661;157:0.1425;60:0.1388;198:0.1378;71:0.1369;95:0.1359;174:0.1359;80:0.135;52:0.1322;2753:0.1312;339:0.1218;241:0.1199;140:0.1171;165:0.1161;179:0.1086;475:0.1029;2462:0.1029;1186:0.1001;185:0.1001"
"1217274"	"7:0.7928;150:0.3043;447:0.2771;10:0.217;276:0.217;17:0.1982;40:0.1503;58:0.1484;507:0.1146;472:0.1043"
"1224797"	"245:0.3232;31:0.2131;26:0.2061;413:0.1945;56:0.186;87:0.1775;34:0.1751;25:0.1736;61:0.172;5406:0.1697;14:0.1604;84:0.1596;297:0.155;57:0.1519;222:0.148;60:0.1387;1162:0.1364;65:0.1364;55:0.1341;68:0.1333;1590:0.1325;67:0.1317;111:0.131;637:0.1294;2705:0.1271;941:0.1271;75:0.1217;1601:0.1201;8459:0.1178;3993:0.117;64:0.117;12:0.1155;58:0.1147;62624:0.1147;783:0.1131;71:0.1124;1598:0.1085;705:0.1054;100:0.1054;287:0.1031;704:0.1015"
"1224117"	"103:0.8354;83:0.2836;146:0.1551;1:0.1269;31:0.1179;25:0.107;242:0.1052;34:0.1008"
"1222452"	"90:0.7435;102:0.3717;1:0.314;6:0.2478;567:0.2265;2399:0.2222;46:0.22"
"1236813"	"140:1.0"
"1242066"	"19132:0.7497;398:0.582;10:0.1825"
"1241808"	"605:0.3654;12:0.3071;87:0.2697;1424:0.2454;3084:0.2454;1392:0.2102;5904:0.197;423:0.1904;8287:0.1761;2706:0.1728;416:0.1706;3100:0.1706;60:0.164;25:0.1541;69:0.153;170:0.1508;31:0.1497;2:0.1486;947:0.1464;2986:0.1431;67:0.142;6964:0.1354;10:0.1321;691:0.1266;65:0.1255;64:0.1233;66:0.1222;17494:0.1211;72:0.1134;693:0.1101"
"124181"	"12:0.3981;140:0.2996;10:0.2452;2:0.239;1:0.2278;11014:0.2001;8:0.1898;4:0.1816;36:0.1765;14561:0.1693;3538:0.1672;40:0.1652;14:0.159;501:0.158;5:0.1539;26058:0.1539;4622:0.1508;11:0.1416;6429:0.1385;7634:0.1364;1387:0.1354;13:0.1313;457:0.1272;2097:0.1262;133:0.1262;936:0.119;9022:0.1139;6:0.1129;37984:0.1098;1835:0.1087;224:0.1077;42972:0.1046;15:0.1026"
"1245393"	"84:0.4148;26:0.3024;25:0.2789;31:0.2615;60:0.2434;34:0.2175;68:0.1994;780:0.1611;61:0.1487;55:0.1472;71:0.1426;57:0.14;307:0.1339;56:0.1318;67:0.1286;64:0.1216;65:0.1121;87:0.1096;418:0.1075;182:0.1053;22555:0.1046;200:0.1045"
"1250073"	"1:0.9418;13:0.3291"
"1250074"	"421:1.0"
"1254547"	"85853:1.0"
"1250548"	"103:0.9997"
"1252376"	"10:0.6702;40:0.5626;266:0.484"
"1255377"	"141:0.4941;52:0.459;84:0.3947;25:0.3771;33:0.3742;14:0.3274"
"1258483"	"1230:0.7014;296:0.5888;3330:0.306;1359:0.147;107111:0.1206"
"1268625"	"24899:0.305;3042:0.2776;20547:0.2591;4799:0.2391;69:0.2047;25061:0.1952;625:0.1888;15586:0.1824;2822:0.1814;572:0.1704;3179:0.1696;3201:0.169;3044:0.1688;3219:0.1673;3240:0.1651;2781:0.1645;110:0.1643;40622:0.1587;5971:0.1414;1813:0.1362;5921:0.135;3249:0.1323;673:0.1309;4475:0.1274;31109:0.122;6064:0.1197;5160:0.1177;3261:0.1156;42069:0.1101;1531:0.101;262:0.1"
"1278223"	"432:0.3318;146:0.3034;15:0.2901;83:0.2811;19:0.2589;103:0.2344;66:0.1777;26:0.1724;25:0.1721;31:0.1648;519:0.1563;34:0.1521;209:0.1482;442:0.1473;1000:0.1417;87:0.133;10:0.1301;130:0.1237;75:0.1211;616:0.1192"
"1266289"	"140:1.0"
"126121"	"542724:0.8557;1563:0.5175"
"130812"	"5483:0.582;312:0.4932;10458:0.3278;583:0.3278;37:0.3278;1372:0.3094"
"1305811"	"114:0.7319;53:0.2361;14:0.2029;33:0.1822;10:0.1651;66:0.1508;82:0.1282;100:0.1236;54:0.1171;208:0.1065;807:0.1056"
"1313955"	"49:0.2493;8840:0.2445;27454:0.2179;83:0.2179;9327:0.1966;1101:0.1913;545:0.1902;591:0.187;12540:0.1737;278:0.1705;26:0.1678;225:0.1582;78:0.1572;34:0.1492;8306:0.147;1496:0.1428;15081:0.1422;16293:0.1407;6550:0.138;2714:0.1364;254:0.1343;1363:0.1343;242:0.1337;349:0.1311;14026:0.1311;663:0.1257;19328:0.1241;6137:0.1231;490:0.1209;2578:0.1167;12:0.1129;704:0.1124;9450:0.1108;688:0.105;351:0.1028;785:0.1018;25:0.1012"
"1309056"	"11894:0.4784;103:0.4422;87:0.2565;32:0.2521;83:0.2263;75:0.1821;133:0.1504;141:0.1305;26:0.1305;747:0.1283;563:0.1246;25:0.1172;5:0.115;256:0.115;1205:0.1135;31:0.1128;290:0.1091;48:0.1054;1000:0.1047;66:0.1032;1017:0.101"
"1323605"	"25:0.3117;26:0.2561;69:0.2433;60:0.2341;68:0.2341;31:0.2097;92:0.1958;100:0.1958;427:0.1889;1312:0.1877;686:0.1866;71:0.1831;34:0.1831;284:0.175;49:0.1727;95:0.1727;161:0.1692;5:0.1645;994:0.1611;101:0.1588;14:0.1553;165:0.1483;184:0.1472;170:0.146;35:0.146;399:0.1414;188:0.1367;93:0.124;33430:0.1159"
"1322068"	"1:0.7933;13:0.3976;6:0.3323;24:0.2333;20:0.2184"
"1323207"	"41:0.8812;103:0.2633;13843:0.2218;201:0.2021;1651:0.1478;1154:0.1224;10:0.1178;3881:0.1155"
"1333367"	"197:0.476;6:0.4484;24:0.3357;20:0.3311;1:0.2989;4:0.2828;2:0.2575;38:0.2437;27:0.2345"
"1323248"	"339:0.6919;5718:0.3919;99740:0.3284;137630:0.3065;85675:0.289;24289:0.2868"
"1323830"	"3:0.7955;210441:0.544;1:0.2671"
"1298752"	"724:0.4447;1272:0.3557;17:0.3383;58:0.3017;103:0.301;5:0.2014;36084:0.1562;26:0.1298;68:0.1245;60:0.122;31:0.1206;25:0.1049;247:0.1007"
"1297786"	"32:0.377;14:0.2446;36:0.243;48:0.2147;10:0.2139;52:0.2131;92:0.1671;235:0.1582;454:0.1566;1205:0.1534;87:0.1453;25:0.1421;31:0.1413;2198:0.1324;99:0.1292;206:0.1275;17:0.1275;227:0.1267;391:0.1235;10415:0.1227;1184:0.1227;1577:0.1179;21:0.1171;14170:0.1171;29859:0.1162;60:0.1162;271:0.1162;157:0.113;34:0.113;148:0.1122;8047:0.1049;26:0.1049;416:0.1017;2887:0.1009;57:0.1009;727:0.1001"
"133702"	"3:0.6631;1669:0.4;12:0.3896;1182:0.2614;1063:0.2043;21:0.2008;15233:0.1905;28:0.1783;63:0.1731"
"1349179"	"1943:0.5608;7394:0.4372;6760:0.3697;2887:0.3351;799:0.3214;12:0.1707;27139:0.1381;94:0.1012;29:0.1005"
"1345371"	"10:0.6863;40:0.5737;6:0.447"
"134376"	"3:0.7956;1:0.2247;17:0.1895;98:0.185;86:0.1453;229:0.1319;94:0.1121;100:0.1066;6:0.1047"
"1348527"	"3188:0.7911;141:0.591"
"1355493"	"1240:0.2858;94:0.2742;1929:0.2419;37:0.2245;22223:0.1964;14809:0.1906;887:0.1897;134:0.1814;8940:0.1806;10308:0.1756;126006:0.1748;885:0.1558;13367:0.1549;13574:0.1442;2948:0.1425;11982:0.1417;107:0.1317;2183:0.1309;406:0.1301;699:0.1276;171:0.1276;203:0.1235;5:0.1235;80:0.1226;20646:0.1193;90731:0.116;24681:0.1152;1611:0.1143;66:0.1143;721:0.111;350:0.1094;93:0.1085;229:0.1077;1019:0.1077;1011:0.1077;477:0.1036"
"1352488"	"2:0.6854;17:0.5544;58:0.4303"
"1352171"	"1781:0.8248;3396:0.4667;92:0.2267;300041:0.2248"
"1328692"	"10:0.424;66:0.2996;26:0.2255;25:0.2242;31:0.211;75:0.1779;93:0.1766;69:0.1687;215:0.168;55:0.166;312:0.1568;40:0.1561;34:0.1422;94:0.1362;110:0.1349;4159:0.1329;632:0.1316;148:0.1257;37:0.123;14:0.1217;67:0.1138;56:0.1052;57:0.1025;61:0.1019"
"1325927"	"794:0.4664;22:0.3851;21587:0.3498;66836:0.3283;23936:0.2808;942:0.2792;72:0.267;77:0.2209;1962:0.2194;100:0.1995;742:0.1979"
"1378108"	"23090:0.6975;12956:0.5869;22:0.4111"
"1386860"	"876:0.9118;5439:0.3051;162149:0.1564;678:0.1019"
"1389257"	"5:0.4713;29:0.2737;4:0.2369;25:0.2182;31:0.1883;26:0.1814;34:0.1696;253:0.1515;37:0.1502;401:0.1446;147:0.1334;103:0.1322;315:0.1259;87:0.1259;1:0.1253;1379:0.1253;47:0.1228;93:0.1216;297:0.1185;6:0.1178;2381:0.1135;153:0.1097;3478:0.1091;10:0.1072;92:0.1054;83:0.1035;66:0.1029;27:0.101;134:0.101"
"1390343"	"146:0.3626;83:0.2857;103:0.2774;245:0.2572;26:0.2436;25:0.2154;31:0.2035;25794:0.1863;47895:0.1777;34:0.175;24869:0.1737;2970:0.1684;980:0.1661;36:0.1647;1880:0.1584;7520:0.1558;461:0.1535;55:0.1336;64:0.1332;57:0.1319;67:0.1269;10:0.1071;56:0.1067;599:0.1044"
"1387336"	"2612:0.3455;15026:0.3342;271:0.3286;160:0.305;1945:0.2971;51865:0.2375;11717:0.2352;450:0.2059;161:0.1733;42539:0.1711;1269:0.1654;41444:0.1643;1379:0.1542;2101:0.1508;5540:0.1362;46236:0.1362;38069:0.1362;22676:0.1328;51:0.1294;610:0.1283;2062:0.1272;24446:0.1193;571:0.1193;578:0.1193"
"1360068"	"87:1.0"
"1361806"	"2:0.4494;4:0.429;99:0.3233;8:0.3017;10:0.2393;11:0.2279;29:0.196;269:0.1871;13257:0.1769;25:0.1629;5:0.1629;7336:0.1528;64:0.1515;36:0.1464;65:0.1298;67:0.1298;34:0.1298;222:0.1286;47:0.1286"
"1404366"	"146:0.2703;83:0.2649;2180:0.2613;103:0.2541;781:0.2238;69:0.2229;1669:0.2206;562:0.1953;834:0.1804;174:0.1781;795:0.1718;561:0.1551;567:0.1492;93:0.142;1192:0.1392;242:0.1392;14:0.1302;2128:0.1293;1166:0.1243;2337:0.1234;2236:0.1184;397:0.1135;5376:0.1094;4877:0.1076;2977:0.1053;2222:0.1049;1378:0.1031;1932:0.1031;1061:0.1026;1040:0.1017;3400:0.1008"
"1410459"	"5:0.3053;33:0.239;26:0.2377;37:0.2163;31:0.2157;25:0.2137;17:0.202;14:0.1851;34:0.1786;2:0.1669;176:0.163;49:0.1552;149:0.1468;95:0.1397;66:0.1351;208:0.1312;100:0.1299;2008:0.1286;58:0.128;62:0.1273;29:0.1267;60:0.1254;1076:0.1247;56:0.1221;4:0.1195;718:0.1182;61:0.1117;65:0.1091;47:0.1091;8:0.1052;291:0.1046;57:0.1046;68:0.1033;55:0.1033;72:0.102;125:0.102;123:0.1013;83:0.1"
"1410494"	"25:0.2983;31:0.2651;26:0.2481;34:0.2242;60:0.1915;68:0.1804;802:0.1716;215:0.1635;181:0.1617;78:0.1594;72:0.153;10:0.1489;167:0.1471;94:0.1407;14:0.1401;86355:0.1378;670:0.1378;301987:0.1378;3923:0.1378;7387:0.1378;2000:0.1354;100:0.1343;312:0.1337;185:0.1296;18854:0.1279;71:0.1255;291:0.1226;7:0.1226;139:0.1203;397:0.1191;3319:0.115;1309:0.1098;42:0.108;148:0.1057;190:0.1028;1573:0.1028;344:0.1022;24:0.1004"
"1418563"	"314:1.0"
"142453"	"16:0.8604;711:0.5097"
"1440168"	"1096:0.485;90:0.4046;1230:0.2707;14:0.2506;107:0.2318;296:0.2278;250:0.2171;2713:0.2117;2318:0.1956;1:0.1903;339:0.1822;138:0.1715;280:0.1581;763:0.1541;35339:0.1501;80:0.1447;462:0.142;75:0.134"
"1447910"	"2:0.6002;8:0.5069;4:0.4859;11:0.383"
"1458075"	"41:0.4692;16:0.3649;1076:0.2753;10:0.2238;9:0.1901;201:0.1634;7:0.1602;936:0.1577;136:0.1564;176:0.1532;42:0.1418;215:0.1399;44:0.1335;264:0.1329;5:0.1316;87:0.1265;133:0.1202;17:0.1182;15:0.1119;4712:0.1055;2824:0.1043;94:0.1024"
"1455990"	"51:0.5287;111:0.5223;73:0.4935;131:0.4518"
"1434274"	"5:0.3745;86:0.3467;10:0.3102;17:0.2884;40:0.2589;98:0.258;2:0.2224;92:0.1894;4:0.1694;47:0.1677;8:0.1555;49:0.1555;8947:0.1494;178:0.1468;1464:0.1312;253:0.1303;29:0.126;1849:0.1251;80:0.1242;147:0.1225;199:0.119;358:0.1121;11:0.1121;22:0.1086;94:0.1017"
"1429700"	"2:0.5328;17:0.4871;58:0.3421;26:0.179;141:0.1503;25:0.1461;34:0.1454;31:0.1424;242:0.1356;107:0.1246;159:0.1057;10:0.1046"
"1469639"	"10537:0.8708;15:0.2789;130:0.2027;162:0.1483"
"1471211"	"146:0.5153;83:0.4504;103:0.3981;10:0.3606;7:0.1927;42:0.148;34:0.1084;9:0.1021"
"1469067"	"38758:0.392;19374:0.3603;42055:0.3258;63034:0.3099;55342:0.3099;58251:0.3099;419:0.3073;155:0.2808;19386:0.2781;72:0.2675"
"147868"	"112:0.3718;34:0.213;2:0.2065;25:0.1805;371:0.1776;1204:0.1755;55:0.1747;138:0.1718;26:0.1704;56:0.1617;1080:0.1574;78:0.1502;5:0.1495;13288:0.148;1337:0.1401;8353:0.1386;1904:0.1357;4:0.1336;67:0.1285;1240:0.1285;31:0.1285;57:0.1271;1740:0.1264;61:0.1264;42634:0.1227;94:0.1227;8:0.1227;18182:0.1199;228:0.1199;36:0.1162;64:0.1155;1128:0.1155;148:0.1141;14:0.1119;65:0.1119;421:0.1105;95:0.109;79:0.109;342:0.1025;6:0.1011"
"1466528"	"506:0.4984;523:0.4837;533:0.4329;510:0.3759;434:0.2897;7343:0.2018;2509:0.1595;15594:0.1543;95:0.1224"
"1460134"	"146:0.337;5414:0.3277;83:0.3208;203:0.2637;103:0.2575;39:0.2464;236:0.2234;981:0.222;264:0.1927;160:0.1783;45:0.1656;407:0.1631;36:0.1611;118:0.1576;374:0.1552;190:0.1463;75:0.1177;13:0.1091;992:0.1019;2:0.1008"
"1465834"	"6108:0.3027;141:0.2772;1167:0.2013;68:0.1827;71:0.182;25:0.1731;66:0.171;26:0.171;2381:0.1648;297:0.1641;993:0.1627;31:0.1579;60:0.1475;34:0.1475;287:0.1469;355:0.1455;69:0.1413;45232:0.1344;190158:0.1344;66507:0.1344;17534:0.1338;260:0.1241;352937:0.1227;206:0.122;1708:0.1213;219:0.1207;12132:0.1207;57:0.1207;79:0.1138;227:0.1131;688:0.1131;10225:0.1124;21209:0.1117;94322:0.1117;6068:0.1103;11568:0.1103;10:0.1103;637:0.1082;95:0.1082;310:0.1062;6124:0.1048;56:0.1034;65:0.1013;55:0.1013;319:0.1007;409:0.1;2184:0.1"
"1508913"	"26:0.3926;31:0.3578;34:0.3491;25:0.3469;55:0.2203;67:0.2033;56:0.1598;57:0.1545;61:0.1511;60:0.1502;68:0.1445;65:0.1402;69:0.1393;802:0.1236;49:0.1158;182:0.114;87:0.1106;64:0.1066"
"1509615"	"26:0.3018;25:0.2849;31:0.2613;57:0.2106;65:0.2075;56:0.2034;60:0.1906;68:0.187;55:0.1865;34:0.1865;67:0.1845;61:0.1655;64:0.1583;802:0.1548;151:0.1507;37:0.1491;66:0.145;71:0.1445;95:0.1394;148:0.125;107:0.1122;200:0.1066;243:0.1025;379:0.102;569:0.102;204:0.1015;10606:0.1004"
"1515637"	"25:0.2913;31:0.2899;26:0.2872;290:0.2403;34:0.233;4868:0.2271;55:0.2235;65:0.1952;71:0.1861;100:0.1611;57:0.152;68:0.147;14:0.142;61:0.1406;125:0.1374;79:0.1374;37:0.137;56:0.1361;802:0.1333;67:0.1297;141:0.1224;87:0.1215;60:0.117;64:0.1115;5849:0.111;110:0.1097"
"1516756"	"103:0.4519;146:0.372;83:0.3295;25:0.2212;26:0.1934;14117:0.1855;61:0.1839;67:0.1823;34:0.175;31:0.1745;56:0.1361;65:0.134;100:0.1314;60:0.1314;64:0.1214;55:0.1182;79:0.1161;57:0.1119;124:0.1109;66:0.1072;68:0.1056"
"1512132"	"52:0.3437;234:0.2542;1788:0.2268;448:0.2101;949:0.2053;5:0.2041;679:0.2005;379:0.1934;49:0.1862;110:0.1707;320:0.1707;291:0.1695;2033:0.1647;544:0.1623;1484:0.1611;1643:0.1599;92:0.1599;7611:0.1552;7562:0.154;1878:0.1528;35569:0.1492;509:0.148;8860:0.148;219:0.148;572:0.1408;2:0.1325;757:0.1313;380:0.1289;69:0.1277;78:0.1265;6042:0.1265;178:0.1229;21:0.1194"
"1537797"	"25:0.4257;26:0.3047;68:0.2913;509:0.2614;60:0.2465;31:0.245;34:0.2375;170:0.236;1829:0.227;49:0.2181;184:0.2136;188:0.2106;165:0.1882;380:0.1867;1252:0.1688;234:0.1643;249:0.1583"
"1494994"	"8938:0.4174;15581:0.3396;3738:0.3374;947:0.3266;189902:0.3071;38688:0.2963;1671:0.2877;212:0.266;4199:0.2466;2301:0.2163;14:0.2163"
"1499138"	"26:0.2429;439:0.2309;5:0.2305;10:0.2047;71:0.2037;792:0.1832;2346:0.1813;49:0.177;68:0.1703;87:0.1646;146:0.1598;60:0.1565;34:0.1527;1162:0.147;103:0.1465;178:0.146;25:0.136;31:0.1336;37:0.1317;2087:0.1293;44524:0.1293;8892:0.1293;17161:0.1293;103097:0.1293;83:0.1293;1670:0.126;4368:0.126;20975:0.1236;4481:0.1207;6259:0.1202;1207:0.1198;83995:0.1193;34644:0.1188;12745:0.1188;147:0.1159;24894:0.115;36:0.1112;2782:0.1083;47:0.1083;40:0.1055;1014:0.1026;1316:0.1016;226:0.1016;673:0.1016;3430:0.1012;6977:0.1002"
"1551309"	"17:0.3734;14:0.261;66:0.2547;58:0.2214;37:0.2156;208:0.1954;33:0.1954;100:0.1582;72:0.1471;53:0.1466;1107:0.1442;584:0.1433;69:0.137;1076:0.1327;291:0.1288;134:0.1274;82:0.1269;339:0.1259;52:0.1225;86:0.1216;125:0.1211;92:0.1206;141:0.1201;80:0.1192;2:0.1177;1515:0.1148;55:0.1129;68:0.11;60:0.11;49:0.1071;75:0.1061;4656:0.1037"
"1562266"	"14126:0.6276;36:0.4261;534:0.3889;3:0.3624;10286:0.2652;26:0.1945;617:0.1839"
"155083"	"25:0.2924;34:0.2805;55:0.2614;57:0.255;26:0.2537;31:0.2377;67:0.2136;56:0.2072;61:0.1949;65:0.1904;64:0.1899;79:0.1767;60:0.1726;68:0.1644;810:0.1598;170:0.1307;66:0.123;188:0.1225;241:0.1216;125:0.1066;237:0.1011;94:0.1002"
"1551985"	"84:0.2679;10:0.2535;31:0.2527;64:0.2253;25:0.195;65:0.1841;465:0.1726;3658:0.1711;94:0.1704;57:0.1675;67:0.1545;26:0.1488;55:0.1466;237:0.143;95:0.1423;36:0.1415;34:0.1415;1672:0.1401;14:0.1365;182:0.1365;137:0.1358;56:0.1336;61:0.1314;208:0.1271;331:0.1271;391:0.1264;51:0.1256;8305:0.122;118:0.1191;1094:0.1148;49:0.1126;315:0.1119;8925:0.1083;227:0.1062;9245:0.1011;10972:0.1004;40:0.1004;6935:0.1004"
"1556780"	"15:0.6358;4:0.551;63:0.5404"
"1532875"	"18:0.4261;929:0.3857;3:0.3312;195:0.3251;50:0.2928;297:0.2787;70:0.2645;5044:0.2544;298:0.2403;23:0.2383;1029:0.204"
"1569063"	"25:0.331;34:0.2898;26:0.2658;56:0.2438;31:0.2398;37:0.2358;55:0.2029;65:0.1917;242:0.1677;57:0.1545;49:0.1525;79:0.1525;68:0.1457;71:0.1445;637:0.1381;61:0.1361;10:0.1353;100:0.1329;67:0.1317;60:0.1277;64:0.1205;337:0.1169;7:0.1141;66:0.1089;159:0.1073;36:0.1069;310:0.1045;720:0.1037"
"1575856"	"112:0.8628;2:0.2305;4:0.21;35:0.1742;8:0.1712;304:0.1544;11:0.1303;1607:0.1207;43:0.1149;73:0.1142;755:0.101"
"1572602"	"2:0.4542;4:0.3926;90:0.3546;8:0.3275;6:0.3185;1:0.3166;11:0.2515;24:0.228;20:0.2153;1684:0.2081"
"1581892"	"75:0.6359;15047:0.6317;381:0.4434"
"1577712"	"25:0.3193;31:0.2942;278:0.2416;107:0.2153;57:0.2069;26:0.189;94:0.189;83:0.1878;7:0.183;3566:0.1782;80:0.177;149:0.1758;16:0.1758;34:0.1746;56:0.1662;5:0.165;46:0.1603;71:0.1567;65:0.1483;55:0.1483;271:0.1447;64:0.1399;407:0.1387;3204:0.1363;242:0.1363;1194:0.1304;44:0.1244;146:0.1244;187:0.1232;13:0.1232;36:0.122;626:0.122;302:0.1196"
"1581588"	"31:0.3389;34:0.3234;60:0.2416;25:0.2412;26:0.2377;68:0.2377;242:0.1971;71:0.1654;55:0.1523;79:0.1516;61:0.1474;37:0.1464;56:0.1432;527:0.1428;64:0.1386;337:0.1379;80:0.1344;107:0.133;72:0.1277;174:0.1248;159:0.1241;14:0.122;170:0.1217;65:0.1181;57:0.1171;165:0.1157;188:0.1132;49:0.11;67:0.1083;230:0.1016"
"1590403"	"103:0.5564;146:0.325;4116:0.321;83:0.2617;26:0.2136;25:0.2114;34:0.1915;31:0.1907;52:0.1269;2:0.1125;71:0.104;5:0.1029;100:0.1005"
"1565349"	"88:0.4722;863:0.4607;624:0.451;712:0.4452;895:0.2988;516:0.2718"
"1560797"	"25:0.3391;26:0.263;31:0.2442;34:0.2066;418:0.1868;1866:0.1819;107:0.174;627:0.1671;117460:0.1641;26750:0.1532;25371:0.1493;622:0.1463;2845:0.1453;11396:0.1433;160028:0.1433;1080:0.1433;5744:0.1384;8546:0.1374;82943:0.1344;10036:0.1344;27:0.1315;649:0.1305;22632:0.1295;416:0.1255;7443:0.1186;34918:0.1157;1740:0.1157;105421:0.1147;598:0.1137;1755:0.1137;46804:0.1117;49:0.1117;439:0.1107;583:0.1097;997:0.1087;2396:0.1078;11821:0.1068;65031:0.1058;3220:0.1048;4648:0.1048;80:0.1038;8669:0.1038;95:0.1038;2817:0.1018"
"1566640"	"1:0.7452;5:0.6668"
"1565716"	"84:0.3558;60:0.2506;68:0.2448;10606:0.2341;7042:0.2155;13090:0.1976;236:0.1833;26:0.1718;19:0.1625;25:0.1611;31:0.1532;87:0.1511;3076:0.1496;34:0.146;5:0.1403;118:0.1324;264:0.1324;14:0.1303;2473:0.1274;723:0.1224;12600:0.1224;306:0.1217;7435:0.1217;436:0.1196;297:0.1181;69:0.1131;2931:0.1124;981:0.1103;2916:0.1081;15408:0.1045;160:0.1038;65:0.1024"
"1567776"	"26:0.3667;25:0.3329;34:0.324;31:0.3151;56:0.2097;64:0.1939;57:0.1807;61:0.1729;55:0.166;242:0.1561;71:0.1521;67:0.1492;60:0.1469;58:0.1416;79:0.1406;68:0.1351;65:0.1347;37:0.1239;174:0.115;17:0.1137;337:0.1091;95:0.1048;165:0.1045;14:0.1035"
"1617507"	"9278:0.6261;9988:0.614;335605:0.4807"
"1609963"	"16:0.8564;608:0.3058;41:0.2974;529:0.2317;5076:0.1254;919:0.123"
"1617354"	"11040:0.5365;6593:0.3949;25826:0.2544;83:0.2134;146:0.1871;262:0.1609;1216:0.158;463:0.1472;10287:0.1468;103:0.143;189:0.1252;4262:0.1227;55610:0.1181;8139:0.1137;26465:0.111;21912:0.1097;32235:0.1067;3672:0.1034;67859:0.102"
"1625774"	"418:0.8087;1388:0.5882"
"1618522"	"1:0.9155;13:0.2799;2:0.2289;6:0.1762"
"1621590"	"7:0.7188;9:0.3612;19:0.2774;10:0.178;42:0.1347;25:0.1243;31:0.1191;66:0.115;84:0.1129;255:0.1094;30:0.1066;85:0.106;26:0.1042"
"1620129"	"2:0.6064;8:0.5019;4:0.4879;11:0.3772"
"1595883"	"277:0.9638;1980:0.1653;240:0.1523"
"1601733"	"38930:1.0"
"1600847"	"9189:0.7025;1372:0.5098;2016:0.4143;13683:0.1945;7381:0.1927"
"1638196"	"84:0.3945;26:0.258;68:0.2314;60:0.2273;31:0.2239;25:0.2239;36:0.2061;34:0.185;971:0.1659;80:0.1529;952:0.142;4110:0.1392;37:0.1365;390:0.1345;583:0.1324;87:0.1304;598:0.129;100:0.1235;2219:0.1188;1684:0.1188;55:0.1174;827:0.1147;886:0.114;17:0.1126;79:0.1106;71:0.1092;61:0.1072;18492:0.1065;15178:0.1044;14:0.101;7418:0.1003;1212:0.1003"
"1649039"	"31:0.3031;25:0.2747;26:0.2704;34:0.1976;60:0.1596;68:0.1591;14449:0.1564;66:0.1542;75:0.1516;29583:0.1505;185:0.1483;125:0.1483;14:0.1408;7701:0.1398;1095:0.1392;69876:0.135;241:0.135;2282:0.1296;62:0.1291;251:0.128;49:0.128;68746:0.1264;230:0.1242;170:0.1242;100:0.1232;169:0.1189;11180:0.1189;58:0.1178;69:0.1178;165:0.1173;171:0.1157;72:0.1151;138:0.1151;1743:0.1151;78013:0.1151;37:0.1146;80:0.1146;7130:0.113;1111:0.1125;188:0.1109;440:0.1066;27386:0.1066;522:0.1055;2393:0.105;117:0.1044;167:0.1028;3930:0.1028;184:0.1023;284:0.1023;11824:0.1018"
"1644782"	"10:0.7202;40:0.4039;99:0.3263;124402:0.2865;1506:0.2586;98353:0.2507"
"1645297"	"1550:0.7104;33915:0.7038"
"1645311"	"7:0.8214;10:0.5704"
"1645349"	"1947:0.4511;12:0.4348;2170:0.3535;6542:0.3468;353141:0.3387;15455:0.2381;12446:0.2167;292554:0.1738;1628:0.1634;13:0.1634;209:0.1361;49:0.1316;42969:0.102"
"1656303"	"29:0.4797;4:0.4359;34:0.3134;26:0.2976;25:0.2941;31:0.2783;116:0.2328;57:0.2293;65:0.2171;168:0.2083;1:0.1786"
"162781"	"357:0.5941;430:0.5591;169:0.4159;160:0.4019"
"1673109"	"26:0.3434;25:0.3386;56:0.3002;34:0.2353;31:0.2137;159:0.2125;75:0.2089;94:0.2041;71:0.1993;87:0.1945;49:0.1897;57:0.1849;55:0.1801;134:0.1741;171:0.1669;68:0.1633;1221:0.1597;170:0.1597;172:0.1417;176:0.1405;442:0.1393;60:0.1381;802:0.1369;241:0.1345;107:0.1213"
"1670376"	"26:0.4359;25:0.4282;31:0.4053;14555:0.3977;34:0.39;55:0.39"
"1675114"	"10:0.7682;40:0.6402"
"1676777"	"347:0.373;455:0.3285;2227:0.3102;21:0.289;217:0.2729;696:0.2385;6:0.1823;735:0.1801;425:0.1801;25:0.1278;261:0.1206;4164:0.1117;34:0.1117;80:0.1078;57:0.1073;31:0.1067;49:0.1045;1447:0.1034;256:0.1028;4157:0.1006"
"1680325"	"1:0.795;59:0.312;7:0.2888;13:0.2722;4255:0.2091;299:0.1992;144:0.1726"
"1691265"	"83:0.3592;540:0.3272;103:0.2856;146:0.2752;879:0.264;197:0.2144;3418:0.2112;3245:0.1832;2426:0.1832;137:0.1792;685:0.1776;52:0.1624;349:0.156;451:0.152;4645:0.1456;2251:0.1416;87:0.1312;236:0.1312;19:0.1168;2007:0.1096;264:0.108;7779:0.1056;975:0.1008;356:0.1008;10:0.1"
"1688764"	"26:0.2435;25:0.2413;125:0.2297;34:0.2224;31:0.2198;100:0.2099;72:0.1991;37:0.1978;94:0.1939;67:0.1862;55:0.1818;52:0.175;57:0.1706;61:0.1694;64:0.1681;65:0.1444;134:0.1383;141:0.1383;14:0.137;56:0.1284;66:0.128;93:0.128;107:0.1271;290:0.125;79:0.1245;426:0.1202;255:0.1185;181:0.1056;208:0.1043;229:0.1034"
"1690986"	"60:0.2911;159:0.2903;94:0.2292;14:0.2023;170:0.1991;26:0.1935;25:0.1919;31:0.1856;68:0.18;34:0.1681;37:0.161;95:0.1562;1186:0.1483;117:0.1475;188:0.1475;66:0.1428;165:0.1388;36:0.138;291:0.134;100:0.1317;110:0.1317;49:0.1261;72:0.1253;75:0.1253;92:0.1245;13:0.1221;215:0.115;160:0.1134;80:0.111;52:0.111;226:0.1071;251:0.1039;363:0.1015"
"1690582"	"5:0.3994;3:0.2965;4:0.2223;159:0.2107;29:0.2082;80:0.2016;2:0.1918;26:0.1827;14:0.1821;25:0.1735;31:0.1729;18:0.1644;84:0.1498;47:0.1419;36:0.1382;9:0.1346;23:0.1346;37:0.1321;198:0.1315;34:0.1303;107:0.1291;52:0.1157;66:0.1114;157:0.109"
"1693299"	"26:0.3364;31:0.3261;25:0.3155;34:0.2933;60:0.2905;68:0.2652;71:0.1957;55:0.1774;57:0.1687;61:0.1595;65:0.1554;56:0.1552;230:0.153;64:0.148;67:0.142;174:0.1265;188:0.1243;66:0.1185;165:0.1135;184:0.1079;14:0.1036;170:0.1021"
"1661177"	"318:0.7071;1055:0.7071"
"1668725"	"876:0.7595;76:0.4636;106:0.3042;5439:0.2457;162149:0.1255"
"1709611"	"25:0.3658;26:0.2897;31:0.2698;34:0.2517;87:0.1986;55:0.1756;60:0.1738;56:0.1726;64:0.1594;67:0.1575;57:0.1557;308:0.1551;37:0.1545;14:0.1539;203:0.1533;65:0.1449;61:0.1334;66:0.1334;94:0.1207;118:0.1189;4872:0.1177;51:0.1135;124:0.1117;20025:0.1086;3158:0.1038;260:0.1008;350:0.1002"
"1709714"	"25:0.332;26:0.3023;34:0.2785;31:0.2643;57:0.2438;56:0.187;55:0.187;61:0.1788;68:0.1774;64:0.1765;65:0.1646;297:0.1633;79:0.1591;52:0.1555;60:0.1523;67:0.1505;71:0.1377;237:0.1367;391:0.1294;182:0.1285;331:0.1212;1550:0.1212;910:0.1184;87:0.113;1684:0.1075"
"1704697"	"280:0.5636;219:0.4449;1582:0.3342;946:0.2867;78:0.2373;231:0.2254;371:0.2215;284:0.2175;704:0.2096;95:0.2076"
"1708133"	"103:0.6716;1369:0.2196;25:0.2103;31:0.2076;26:0.1879;17:0.1845;206:0.1504;58:0.1451;86:0.1421;61:0.1408;55:0.1347;227:0.131;57:0.1288;34:0.1252;64:0.1178;869:0.1119;14:0.1036"
"1710269"	"103:0.7192;678:0.5771;1369:0.2033;146:0.1781;83:0.1737"
"1712348"	"26:0.36;31:0.3275;25:0.2961;34:0.2255;37:0.1919;61:0.1704;56:0.1659;322:0.1643;427:0.1494;71:0.1455;167:0.1439;79:0.1406;95:0.14;57:0.1345;14:0.134;55:0.1329;52:0.1296;542:0.1296;64:0.1251;94:0.1169;67:0.1158;148:0.1147;125:0.1081;251:0.107;182:0.1059;219:0.1048;256:0.1042;69:0.1025;189:0.1009"
"1712419"	"5:0.4721;29:0.3833;47:0.3626;910:0.2342;391:0.1827;777:0.1735;147:0.1689;5929:0.168;746:0.1643;1388:0.1496;301:0.1496;16410:0.133;83039:0.1316;178:0.1233;17607:0.121;1550:0.1187;643:0.1169;1015:0.1104;562:0.11;1223:0.1072"
"1713676"	"25:0.435;30:0.3759;176:0.3418;9530:0.3387;11:0.3324;122:0.3324;171:0.3324;1375:0.3262"
"171202"	"10:0.3907;5:0.2224;2:0.2103;7:0.2017;32:0.1885;411:0.1814;4:0.1703;58:0.1688;17:0.1597;9:0.1577;40:0.1567;133:0.1547;203:0.1536;15:0.1435;198:0.142;80:0.1405;83:0.139;31:0.1319;374:0.1274;146:0.1269;407:0.1258;42:0.1243;25:0.1233;125:0.1228;71:0.1223;226:0.1218;36:0.1178;185:0.1137;46:0.1112;266:0.1112;174:0.1087;103:0.1087;39:0.1087;87:0.1077;107:0.1051;26:0.1051;439:0.1021;41:0.1006"
"1719178"	"9582:1.0"
"1723055"	"25:0.2502;312:0.1998;26:0.1998;94:0.1998;79:0.1959;117:0.1869;31:0.1869;320:0.183;66:0.181;134:0.1765;52:0.1636;179:0.1623;1095:0.1616;107:0.1603;159:0.1571;34:0.1545;1910:0.1468;840:0.1403;261:0.1403;219:0.1397;61:0.1371;3134:0.1332;64:0.1313;291:0.1261;2050:0.1254;622:0.1235;68:0.1216;34381:0.1203;141:0.1196;15007:0.119;20190:0.117;509:0.1164;758:0.1144;379:0.1125;41990:0.1106;57:0.1093;3193:0.1086;865:0.106;80:0.1028;49:0.1028;2:0.1022;93:0.1022;65:0.1015;148:0.1009"
"1720272"	"21429:0.7898;54473:0.4814;598:0.1743;18531:0.1475;42683:0.1376;347250:0.1249;695:0.1059;333643:0.103"
"172105"	"153555:0.3962;26264:0.3503;145970:0.3482;4266:0.3407;32275:0.3263;784:0.3194;1456:0.3167;6408:0.2906;491:0.1508;271:0.1206;43:0.1042;2711:0.1021;328:0.1021"
"1698675"	"83:0.5027;1885:0.3627;155:0.326;82228:0.3214;1903:0.3168;2985:0.2892;181:0.2846;2696:0.2823;2541:0.2479"
"1742370"	"881:0.4812;3157:0.4058;25:0.2601;26:0.2567;31:0.2359;34:0.2098;55:0.2007;61:0.1604;68:0.1443;60:0.1428;64:0.1215;56:0.121;57:0.1201;67:0.1196;65:0.1182;87:0.1125;291:0.1106;170:0.1096;626:0.1077;71:0.1049;184:0.103"
"1737576"	"25:0.3385;26:0.2921;31:0.2689;56:0.2563;34:0.253;79:0.2437;61:0.2398;55:0.2358;65:0.2285;57:0.2146;64:0.2106;67:0.2073;49:0.1881;37:0.1689;1921:0.1192;159:0.1192;66:0.1033;312:0.1033;125:0.1027;285:0.1007"
"1743677"	"146:0.4942;83:0.4501;103:0.3931;107:0.3821;1012:0.2407;1469:0.237;2224:0.226;14:0.2241;60:0.1929"
"1736693"	"96:0.4463;109:0.3863;108:0.3825;90:0.3206;2:0.2813;10:0.2681;27:0.2663;104:0.255;8:0.2006;6:0.195;4:0.1931"
"173886"	"7830:1.0"
"1750534"	"91:0.3693;33:0.271;14:0.2564;51:0.2451;60:0.2099;25:0.1893;152:0.182;285:0.1793;31:0.1641;58:0.1607;49:0.1468;68:0.1455;230:0.1402;75:0.1368;148:0.1342;34:0.1289;26:0.1282;165:0.1275;57:0.1275;36:0.1229;209:0.1176;67:0.1162;71:0.1156;188:0.1136;64:0.1123;84:0.1096;241:0.1069;56:0.1056;79:0.1049;11149:0.1023"
"1760313"	"8627:0.4492;573:0.3277;37256:0.3208;9143:0.2776;2124:0.2617;1231:0.2501;14:0.2467;5031:0.2157;3818:0.1742;1209:0.1625;776:0.1575;3178:0.156;2405:0.1474;1116:0.1388;1740:0.1182;7286:0.1171;1521:0.1098;4434:0.109"
"1760509"	"66:0.254;80:0.2484;78:0.2393;49:0.2379;37:0.2253;1252:0.2092;14:0.2085;327:0.2057;205:0.205;95:0.198;1047:0.1973;269:0.1889;280:0.1812;72:0.1518;313:0.1518;92:0.1483;107:0.1448;124:0.135;566:0.1266;1186:0.1196;254:0.1196;418:0.1112;969:0.1105;110:0.1098;406:0.1077;202:0.1056"
"173006"	"891:0.4831;573:0.3721;1323:0.2849;330:0.2341;14:0.2165;2043:0.1895;84:0.1563;2893:0.1333;2225:0.1279;280:0.1245;285:0.1191;11101:0.1143;148:0.1143;95:0.1123;798:0.1089;2262:0.1062;1859:0.1042;24:0.1028;2:0.1001"
"1730893"	"1960:0.536;820:0.4454;72:0.4265;6:0.4152;20:0.4001"
"1735779"	"83:0.4635;146:0.3952;103:0.36;5:0.179;56:0.151;34:0.1495;14:0.1469;31:0.1453;242:0.1433;25:0.1407;147:0.134;65:0.1303;44:0.1288;79:0.1257;64:0.1216;55:0.1195;26:0.1174;315:0.1164;10:0.1076;2831:0.1071;57:0.105;896:0.1019;3110:0.1009;9665:0.1003;337:0.1003"
"1770338"	"52:0.2852;615:0.2603;2416:0.2551;10064:0.2538;15014:0.2485;9648:0.2342;1456:0.2263;66:0.2119;1474:0.2041;801:0.2028;215:0.1936;6782:0.1923;6965:0.1884;1783:0.1844;14:0.1792;4708:0.1753;281:0.1714;191:0.1701;95:0.1635;203:0.1622;423:0.1596;3691:0.1557;544:0.1452;1515:0.1413;461:0.1308"
"1778276"	"25:0.3874;26:0.354;31:0.3239;34:0.279;60:0.2689;55:0.2291;68:0.2206;56:0.2155;57:0.2062;64:0.2062;61:0.1944;67:0.1922;65:0.1876;112:0.1097;79:0.1092;170:0.1059;165:0.1037;308:0.1025"
"1780574"	"222:0.7196;1286:0.358;13891:0.2527;846:0.252;1514:0.1563;1743:0.1513;6668:0.1441;1896:0.1428;6373:0.1262;512:0.1195;5796:0.1038"
"1789292"	"16:0.6224;83:0.2868;146:0.2357;25:0.2325;103:0.201;44:0.1935;31:0.1929;26:0.1923;34:0.1843;66:0.12;10:0.1148;36:0.1105;12:0.1059;154:0.1005;164:0.1002"
"1790125"	"273:0.5222;6447:0.5065;14:0.4365;185:0.4233;83:0.1556;49:0.1313;15812:0.1176"
"1776404"	"26173:0.4686;3195:0.386;26:0.212;31:0.1975;25:0.1939;60:0.1716;49:0.1674;167:0.1668;34:0.1638;68:0.1626;100:0.1235;79:0.1205;72:0.1186;344:0.1186;14:0.1168;87:0.1108;67:0.1102;165:0.1084;171:0.1084;721:0.1072;170:0.106;65:0.106;55:0.1054;125:0.1054;61:0.1048;64:0.1036;241:0.103;26161:0.1018"
"1762459"	"103:0.6206;2016:0.3942;7381:0.2806;618:0.2428;2386:0.204;9189:0.1959;146760:0.1819;10386:0.1814;3537:0.1202;83:0.1156;146:0.1154;8365:0.1069;2866:0.1"
"1800183"	"1017:0.3441;87:0.2955;10:0.2565;2:0.2512;3727:0.2406;519:0.2375;916:0.2174;17:0.2142;371:0.2016;40:0.1741;58:0.1731;1374:0.1573;640:0.153;1421:0.1383;539:0.1372;453:0.1361;30:0.1288;224:0.1256;3925:0.1235;14:0.1224;1478:0.1214;583:0.1193;247:0.1182;557:0.1182;96898:0.1171;21653:0.115;851:0.114;289:0.1119;238:0.1108;917:0.1098;8812:0.1077;117:0.1055;28:0.1055;677:0.1055;4084:0.1055"
"180129"	"99:0.7067;83:0.5358;125:0.4621"
"1801300"	"94:0.3229;37:0.2971;66:0.2751;229:0.2231;141:0.2228;208:0.1892;151:0.1828;176:0.1751;214:0.1726;369:0.1563;167:0.1563;69:0.1545;14:0.1524;721:0.151;134:0.1499;275:0.1499;117:0.1482;110:0.1415;72:0.1369;191:0.1326;80:0.1305;215:0.116;1047:0.1125;381:0.1103;255:0.1093;226:0.1022;310:0.1015"
"1801829"	"301:0.5608;539:0.3756;6873:0.2957;69:0.2358;174:0.2331;648:0.2011;2519:0.1958;60:0.1838;68:0.1838;80:0.1825;383:0.1732;110:0.1652;840:0.1625;136:0.1532;317:0.1492;7300:0.1385;26:0.1372"
"1815134"	"26:0.3057;25:0.2979;31:0.2756;13:0.2455;34:0.2334;60:0.2111;57:0.1827;68:0.1771;146:0.1651;56:0.1642;67:0.1629;65:0.1612;64:0.1608;61:0.1599;1076:0.1539;55:0.147;103:0.1419;14:0.1354;83:0.1354;100:0.1268;58:0.1251;79:0.1225;179:0.1144;94:0.1105;37:0.1071;17:0.1058;141:0.1019;71:0.1015"
"1820084"	"2:0.3972;112:0.3412;1:0.3038;2090:0.2851;15:0.2134;36:0.2119;49:0.2103;10:0.1994;63:0.1978;439:0.1838;187:0.176;317:0.1745;96:0.1698;1391:0.1682;584:0.1667;706:0.1651;18304:0.1651;3997:0.1651;41:0.162;81692:0.162;1943:0.1558"
"1821928"	"939:0.5896;12:0.5301;32:0.5301;48:0.3008"
"1796993"	"242:0.3367;12:0.2947;25:0.2518;31:0.2466;337:0.2352;26:0.2204;37:0.2011;107:0.1871;56:0.1801;80:0.1793;66:0.1714;94:0.153;34:0.1504;475:0.146;79:0.1425;891:0.139;64:0.1268;339:0.1215;185:0.1207;14:0.1207;55:0.1181;160:0.1181;52:0.1172;72:0.1163;71:0.1154;61:0.1128;443:0.1119;5:0.1014"
"1795513"	"213:0.3001;87:0.2845;242:0.2576;664:0.2268;483:0.2245;103:0.2066;5:0.1993;337:0.1797;2618:0.1786;80:0.1753;13009:0.1741;136:0.1669;34:0.1663;31:0.1657;167:0.1557;2462:0.14;56:0.1366;9187:0.1344;1:0.1249;37:0.1243;83:0.1209;93:0.1165;174:0.1142;25:0.1131;382:0.1098;14:0.1092;212:0.1086;57:0.1036;20647:0.1025"
"1844407"	"26:0.4315;25:0.3396;31:0.3283;34:0.3226;71:0.2766;60:0.2011;68:0.1863;56:0.1761;65:0.1715;57:0.1689;64:0.1601;61:0.1507;67:0.148;55:0.1192;80:0.1161;308:0.1059;230:0.1021;793:0.1013"
"1849888"	"46:0.4979;2:0.4581;10:0.3971;4:0.391;8:0.3696;84:0.3085"
"1856213"	"648:0.6379;9536:0.6201;1806:0.197;103:0.1521;146:0.1287;83:0.1013"
"1869336"	"3:0.9198;18:0.2175;21:0.1647;28:0.1461;239:0.1326;23:0.1264;9:0.1129;50:0.1088"
"1871546"	"107:0.5797;66:0.3693;198:0.3288;41:0.2665;48345:0.2166;14:0.2042;90800:0.1964;407:0.1777;550:0.173;884:0.1667;37:0.1667;75:0.1652;490:0.1636;729:0.159;3551:0.1574"
"1880168"	"3773:1.0"
"1882631"	"32:0.8121;48:0.4733;14237:0.1283;19355:0.125;7321:0.117;23540:0.115;23282:0.1126"
"1877841"	"655:0.5558;2:0.514;489:0.4764;36:0.4471"
"1887055"	"66:0.3118;37:0.2771;72:0.2629;75:0.2521;49:0.2174;117:0.1914;94:0.189;5:0.1841;300:0.1751;176:0.1706;346:0.163;25:0.1467;215:0.1453;171:0.1335;14:0.1328;52:0.1255;124:0.1242;986:0.1228;110:0.1214;148:0.1196;31:0.1176;95:0.1169;167:0.1165;141:0.1158;100:0.1151;251:0.1148;208:0.1144;57:0.1131;339:0.1061;632:0.1044;793:0.104;56:0.1027;463:0.1023;125:0.1002"
"1884227"	"83:0.5301;146:0.5084;103:0.3885;15:0.2491;107:0.167;37:0.1398;174:0.1232;25:0.1153;80:0.1029"
"1885303"	"6803:0.4203;2423:0.4173;590:0.3633;51:0.3317;2405:0.2897;68:0.2717;60:0.2267;4785:0.1771;26:0.1726;242:0.1711;170:0.1696;165:0.1681;184:0.1591;188:0.1591"
"1859955"	"2701:0.4342;31:0.2543;26:0.2412;25:0.2397;109097:0.2271;37:0.2106;34:0.203;242:0.2;56:0.1709;64:0.1462;80:0.1417;2:0.1417;337:0.1397;71:0.1377;14:0.1307;228:0.1296;57:0.1271;61:0.1221;12:0.1211;6007:0.1161;17:0.1136;55:0.1111;10:0.11;95:0.1015;87:0.1"
"1902503"	"3:0.6228;198:0.3469;10:0.2754;7:0.2121;21:0.1992;9:0.167;14:0.1482;18:0.1348;42:0.1192;28:0.1095;23:0.1074;249:0.1069;114:0.1052;60:0.1047;40:0.1042;63:0.1036;141:0.1026"
"1900580"	"146:0.3543;83:0.3517;31:0.2836;26:0.2745;103:0.2707;52:0.2261;25:0.1925;34:0.1755;49:0.1407;2329:0.132;94:0.1263;534:0.1195;369:0.1195;75:0.1172;583:0.1168;93:0.115;133:0.1108;80:0.1074;1650:0.1063;2436:0.101"
"1905978"	"802:0.3749;131:0.2678;15386:0.2426;37:0.2136;7144:0.2109;66:0.2044;2:0.1966;95:0.1695;4339:0.1681;1542:0.1658;49:0.1626;2050:0.1553;4024:0.1507;208:0.1452;15874:0.1424;124:0.136;141:0.1323;7977:0.1236;4125:0.1204;270:0.1158;1826:0.1139;17:0.1103;1777:0.1103;4133:0.1084;475:0.107;134:0.1047;2137:0.1029;28385:0.1015;117:0.1002;72:0.1002;243:0.1002;219:0.1002"
"1907724"	"2:0.6621;17:0.5291;58:0.4216;83:0.3225"
"1909772"	"58697:0.6445;1841:0.5509;11114:0.5302"
"191308"	"10:0.5661;40:0.4615;17:0.2421;431:0.2114;185:0.208;118912:0.2012;11496:0.1944;14:0.1807;2:0.1739;138:0.1569;5001:0.1569;25:0.1501;187:0.141;58:0.1398;37:0.1341;30:0.1341;4858:0.1285;23357:0.1228"
"1917497"	"2:0.6501;8:0.5463;4:0.5282"
"1924377"	"41:0.9134;93:0.2473;201:0.246;1:0.1529;3:0.1436"
"1895847"	"26:0.3744;25:0.3189;31:0.3119;34:0.3025;68:0.2296;60:0.2078;2:0.2023;55:0.1914;57:0.1527;64:0.1493;71:0.1468;67:0.1394;65:0.1369;10606:0.1299;4:0.127;7042:0.1195;8:0.118;84:0.118;61:0.1116;13090:0.1101;237:0.1096;79:0.1071;182:0.1002"
"1934971"	"25:0.2696;100:0.2355;26:0.2263;31:0.2119;940:0.1916;34:0.1824;229:0.1758;61:0.1745;64:0.1732;141:0.1627;57:0.1574;56:0.1568;72:0.1542;67:0.1542;79:0.1535;275:0.1522;55:0.1496;312:0.1489;10:0.1443;477:0.1365;133:0.1338;66:0.1332;71:0.1325;117:0.126;49:0.1246;93:0.124;65:0.124;110:0.1161;1961:0.1155;14:0.1148;322:0.1148;209:0.1141;68:0.1135;125:0.1135;69:0.1109;427:0.1102;251:0.1096;75:0.1089;802:0.103;148:0.1017;289:0.101"
"1940762"	"2219:1.0"
"1941376"	"37:0.3985;174:0.2586;72:0.2246;49:0.1887;14:0.1877;198:0.185;87:0.1841;80:0.1841;75:0.173;66:0.1693;117:0.1638;205:0.1583;134:0.1583;52:0.1528;151:0.1518;1886:0.1509;94:0.1463;124:0.1445;589:0.1417;107:0.139;234:0.138;339:0.127;1829:0.1233;149:0.1196;15007:0.1196;148:0.116;810:0.1114;208:0.1095;95:0.1077;254:0.1068;3223:0.1058;60:0.1031;171:0.1022;1647:0.1003"
"1946415"	"2:0.7107;17:0.4036;4232:0.3843;58:0.3206;192:0.2066;15:0.197"
"1946951"	"34:0.3939;31:0.3836;5:0.3148;923:0.3079;71:0.2804;26:0.2735;56:0.27;25:0.27;242:0.2408;61:0.2081;66:0.2012;29:0.1789;80:0.1754"
"1931478"	"7:0.6576;12:0.5758;19:0.3173;9:0.302;36:0.1736"
"1969633"	"4057:0.6141;7:0.5201;78855:0.3042;19:0.2427;9:0.2391;49:0.2209;100:0.1278;277:0.1167;66:0.1055"
"1974362"	"66:0.3307;94:0.3089;72:0.2699;171:0.2446;37:0.229;117:0.2002;151:0.19;107:0.1727;124:0.1629;346:0.1585;312:0.1571;690:0.1549;176:0.1505;255:0.146;215:0.142;75:0.1389;229:0.1336;379:0.1256;694:0.1234;167:0.1221;729:0.1181;632:0.1163;440:0.1163;49:0.1119;300:0.1105;313:0.107;896:0.1012"
"1973101"	"455:0.4144;217:0.3551;347:0.3492;21:0.2358;2227:0.2013;68:0.1759;6:0.1674;4157:0.1668;60:0.1596;80:0.1511;696:0.1414;94:0.1264;698:0.1257;773:0.1192;735:0.1179;75:0.1166;52:0.114;425:0.1134;119:0.1088;442:0.1036;6137:0.1016;50773:0.1003"
"1975420"	"272:1.0"
"1975542"	"80:0.2882;71:0.2793;1156:0.2641;134:0.2539;25:0.2527;31:0.2374;887:0.2323;290:0.2323;66:0.2323;140:0.2031;34:0.2019;87:0.1968;107:0.1777;26:0.1625;4069:0.1625;51:0.1485;649:0.146;396:0.1435;95:0.1384;736:0.1371;185:0.1333;148:0.1295;33:0.1282;440:0.127;61:0.127;56:0.127;3218:0.127"
"1978414"	"7:0.5122;100:0.382;66:0.2444;251:0.2249;9:0.2029;19:0.1942;94:0.1847;26:0.1505;25:0.1458;117:0.1406;37:0.1337;191:0.1328;141:0.1172;72:0.1043;60:0.1025;31:0.1012"
"1996883"	"154:0.4554;15777:0.3491;1998:0.2675;483:0.2604;74:0.2397;1072:0.2351;246:0.2329;29979:0.2242;3132:0.215;3430:0.2115;518:0.2094;1979:0.1755;334:0.1508;10:0.1469;84:0.1212"
"2000148"	"10712:0.5617;141:0.2103;138:0.1995;10190:0.1931;94:0.1764;14:0.1539;3555:0.1505;133:0.1377;2077:0.1304;1913:0.1284;465:0.1279;49:0.1269;285:0.1265;1639:0.125;297:0.124;704:0.124;125:0.1211;179:0.1181;223:0.1171;390:0.1167;293:0.1137;2:0.1132;72:0.1113;1414:0.1098;5223:0.1083;342:0.1083;455:0.1068;229:0.1064;1:0.1049;931:0.1019;4199:0.1"
"1963865"	"83:0.4166;2:0.3325;146:0.3107;17:0.2541;103:0.2482;25:0.2046;75:0.199;58:0.1955;31:0.1797;34:0.1672;26:0.1594;66:0.1523;61:0.1127;55:0.1108;56:0.1059;95:0.1037;72:0.1018"
"2001938"	"84:0.4936;17:0.4815;2:0.3612;58:0.301;191:0.2889;139:0.2889;95:0.2648;165:0.2576"
"2010916"	"133:0.4245;278:0.3773;92:0.361;35:0.2813;22:0.2537;37:0.2358;11282:0.2277;123:0.2261;833:0.2114;994:0.2114;294:0.1854;172259:0.1854;119:0.1708;660:0.1708;72:0.1691"
"201411"	"229641:0.5373;969:0.4092;72:0.3404;2467:0.2409;291:0.2008;92:0.1692;2113:0.1673;26:0.1558;502:0.1549;83:0.1539;1:0.1501;801:0.1348;435:0.1339;10:0.1339;425:0.1329;305:0.1281;172:0.1205;95:0.1138;176:0.1071;40:0.1042;55:0.1042;57:0.1033"
"2021320"	"1214:0.6358;804:0.5585;5130:0.5327"
"2017933"	"2:0.4767;4:0.3879;8:0.3825;1:0.3227;11:0.3082;46:0.2773;83:0.2574;146:0.2502;103:0.1903;1027:0.1867"
"202028"	"6073:0.5039;10:0.3862;7:0.3615;42:0.3429;103:0.2872;9:0.2402;85:0.1663;217:0.165;110:0.1609;146:0.1558;69:0.1542;83:0.1378"
"1997019"	"146:0.3421;83:0.2901;103:0.2819;100:0.2153;26:0.2062;72:0.1957;75:0.1934;31:0.1884;1076:0.1861;25:0.1733;56:0.1455;34:0.1418;65:0.1359;37:0.1359;64:0.1314;94:0.1304;66:0.1263;57:0.1259;61:0.1245;234:0.12;284:0.1195;117:0.1181;141:0.1154;67:0.1113;55:0.1104;52:0.1095;171:0.1076;251:0.1072;10:0.1058;674:0.1044;167:0.1044;79:0.1008"
"1993490"	"242:0.4409;337:0.3083;1:0.2812;34:0.2751;56:0.2489;31:0.2334;2:0.1783;64:0.1774;57:0.1765;79:0.1692;55:0.1649;13:0.1628;107:0.149;8:0.1464;26:0.1442;4:0.1412;25:0.1404;61:0.1279;65:0.1115;11:0.1107;151:0.1046;67:0.1033"
"2035796"	"2418:0.4724;7:0.4664;16395:0.4423;26:0.3581;25:0.352;31:0.334"
"205433"	"1:0.6871;83:0.2174;41:0.1946;4:0.1902;13:0.1892;910:0.1859;2:0.1794;391:0.1739;54:0.1555;8:0.1446;53:0.1435;17607:0.1435;705651:0.1359;179:0.1337;1550:0.1315;52:0.1218;38:0.1207;178:0.1196;1094:0.1185;11:0.1163;44:0.1141;16:0.1141;381:0.112;362:0.1098;434:0.1098"
"2055922"	"723:0.6267;125:0.4613;41:0.3709;299:0.2934;427:0.1415;93:0.1126;159:0.1095;41809:0.1076"
"2051124"	"1184:0.5585;236:0.3488;12:0.2945;264:0.2719;146:0.2118;2:0.2111;83:0.2005;59:0.1695;103:0.1624;17:0.1546;15699:0.1165;6:0.1137;58:0.1123;960:0.1087;424788:0.1059;32885:0.1031;61822:0.101"
"2057136"	"31:0.3503;25:0.338;26:0.3155;34:0.2965;71:0.2752;65:0.1978;67:0.1967;57:0.1947;237:0.1839;55:0.1773;61:0.1769;64:0.1723;56:0.1719;182:0.168;331:0.1638;60:0.1502;68:0.137;241:0.1324;79:0.1262;170:0.1103;188:0.1092;165:0.1092;184:0.1037"
"2058967"	"26:0.2507;31:0.233;567:0.2283;69:0.2127;34:0.2076;93:0.2037;25:0.2009;795:0.1998;562:0.1911;2180:0.1896;1061:0.1723;95:0.1594;284:0.1575;781:0.1567;71:0.1488;834:0.1414;4877:0.1414;2:0.1367;174:0.1359;2337:0.1308;14:0.1222;1404:0.1163;138:0.1163;79:0.1155;1016:0.1152;3276:0.1148;242:0.1148;438:0.1148;337:0.1116;49:0.1101;2226:0.1077;1040:0.1061;5:0.105;243:0.1046;2398:0.1018;1385:0.1014;448:0.1014;80:0.1011;11:0.1007"
"2074778"	"141:0.374;2431:0.3486;16:0.3032;31:0.2887;87:0.2851;84:0.2615;704:0.2469;26:0.2379;598:0.2142;1141:0.2124;69:0.2124;371:0.2106;6815:0.2034;3209:0.2015;4659:0.1834"
"2080837"	"12:0.7643;23119:0.3357;4206:0.3237;46:0.3237;2:0.3057"
"2079376"	"8440:0.524;1452:0.4907;74:0.3907;16815:0.3574;119116:0.3211;299652:0.318"
"2078933"	"10:0.7648;83:0.5146;40:0.3877"
"207811"	"299:1.0"
"2083270"	"2:0.3567;3:0.3448;141:0.2938;4:0.2256;8:0.2041;2434:0.1859;26:0.1821;66:0.1654;11:0.1622;816:0.1574;25:0.1531;268:0.152;704:0.144;582:0.1235;34:0.123;10233:0.1219;37:0.1203;17:0.1187;206:0.1123;84:0.1117;10325:0.1112;31:0.1107;1060:0.109;11286:0.1074;29656:0.1047"
"2088863"	"26:0.3766;25:0.3181;31:0.3035;34:0.2843;10:0.2148;225:0.2139;107:0.2112;72:0.1746;57:0.1737;61:0.1618;56:0.1554;55:0.1527;582:0.138;2296:0.1362;95:0.1353;9194:0.1316;69:0.1289;67:0.1289;66:0.1216;79:0.117;9259:0.1152;64:0.1097;243:0.1088;308:0.1088;378:0.107;65:0.1051;319:0.1051;58:0.1024;380:0.1015;40:0.1015;729:0.1006;52:0.1006"
"2066762"	"31:0.3296;26:0.3268;25:0.3132;34:0.2586;99:0.2474;68:0.2288;60:0.2154;55:0.2107;61:0.2005;57:0.1962;67:0.1926;56:0.1917;64:0.1839;65:0.1632;79:0.1419;230:0.1191;199:0.1146;81:0.1027"
"2101873"	"25:0.3352;26:0.3243;31:0.3223;34:0.245;71:0.1945;57:0.1882;61:0.1856;112:0.1744;55:0.1681;64:0.1654;65:0.1635;56:0.1625;2:0.1565;90:0.1552;79:0.1489;27:0.1476;6:0.1443;60:0.1387;67:0.1367;10:0.1209;3550:0.1169;68:0.1106;4:0.1093"
"2104524"	"74917:0.8683;7:0.3462;330:0.1808;42:0.1719;1233:0.1259;382:0.1138;279:0.1114;7789:0.1081;2299:0.1057"
"2108824"	"83:0.7944;66:0.2675;37:0.2281;146:0.2118;103:0.1619;52:0.1236;802:0.1184;148:0.101"
"2108641"	"7:0.5138;41:0.3271;981:0.2843;6:0.2592;27:0.223;103:0.2221;20:0.196;59:0.1895;24:0.1886;15:0.1858;36:0.1849;17406:0.144;10:0.1329;80:0.1254;136:0.1245;5:0.1217;17:0.1217;829:0.1171;290:0.1087;361:0.1078;144:0.105;38:0.1031"
"2117727"	"25:0.3015;31:0.2816;26:0.2701;60:0.2333;68:0.232;100:0.2237;34:0.1898;802:0.1778;37:0.1766;87:0.1692;55:0.1588;312:0.1534;75:0.1427;148:0.1402;14:0.1377;71:0.1369;165:0.1365;214:0.1357;80:0.1332;95:0.1295;49:0.1232;117:0.1224;170:0.1199;622:0.117;188:0.1108;52:0.1096;209:0.1075;792:0.1059;249:0.1001"
"2116241"	"15:0.7806;130:0.2881;2:0.2782;4:0.2462;162:0.2105;128:0.2105;8:0.1736;11:0.1391;29:0.1268;5:0.1243"
"2123696"	"136:0.4519;5462:0.4118;414674:0.3016;15:0.2627;105079:0.2237;26:0.1948;10:0.1825;55:0.1736;67:0.1714;3:0.1625;164111:0.1581;2310:0.1547;15739:0.1536;65:0.1536;34:0.1536;57:0.1514;38203:0.1291;133:0.1291;2:0.1247;9041:0.1247;6524:0.1158;420:0.1158;4886:0.1124;468:0.1113"
"2099437"	"582:0.3876;10:0.3788;40:0.3169;176:0.2463;93:0.2153;802:0.2131;391:0.2043;622:0.2043;133:0.1679;339:0.1645;66:0.1612;953:0.1557;94:0.1524;2822:0.148;2201:0.1425;3201:0.138;3179:0.138;3219:0.1369;1347:0.1358;2781:0.1347;3240:0.1347;457:0.1336;1121:0.1292;52:0.1204;26:0.116;55875:0.1126;171:0.1104"
"2094983"	"2337:0.5138;258:0.2532;5582:0.2461;1182:0.2396;9574:0.2307;5890:0.2217;2597:0.1973;301:0.1969;8552:0.1786;227:0.1599;658:0.1545;1086:0.1502;1248:0.1424;206:0.1386;3596:0.1317;1914:0.1298;10049:0.1291;10664:0.1092;4489:0.1011"
"2135669"	"9968:0.5989;4306:0.4836;3223:0.411;66:0.3007;14:0.2832;662:0.2606"
"2146627"	"39:0.6705;45:0.5017;5:0.2747;6:0.2153;4:0.1886;24:0.163;20:0.1595;2:0.1595;86:0.156;27:0.1525;8:0.128"
"2141067"	"432:0.5676;16:0.3129;41:0.302;771:0.2745;47229:0.235;928:0.2251;3:0.2134;6099:0.1856;1125:0.1799;1109:0.1674;406:0.1643;2755:0.1487;9658:0.138;3890:0.1302;2093:0.1206"
"214858"	"41:0.7371;15:0.4955;1:0.2915;4:0.2832;201:0.2145"
"2157409"	"125:0.6049;1:0.4812;59:0.4605;5:0.4365"
"2155267"	"84:0.6429;100:0.5539;285:0.5291"
"2153991"	"3:0.7697;4308:0.3563;4:0.283;29:0.2464;6:0.2179;561:0.2179;27:0.2118"
"2156244"	"5:0.6357;1768:0.3594;47:0.2657;2:0.2421;147:0.1997;29:0.1883;4:0.176;32:0.1728;178:0.1638;284:0.154;16120:0.1386;401:0.1312;90:0.1239;10:0.1231;8:0.1157;5846:0.1149"
"2171566"	"4199:0.8021;444:0.5971"
"2173575"	"3:0.8935;1:0.2541;21:0.1886;28:0.1667;3553:0.1562;13:0.1149;547:0.1093"
"2179902"	"6383:0.288;51940:0.2238;25:0.2154;31:0.2117;12166:0.2008;26:0.1996;391:0.1912;56:0.1815;68:0.1803;60:0.1803;34:0.1791;84:0.1754;55:0.1706;57:0.1694;583:0.1621;10703:0.1609;67:0.1609;64:0.1597;61:0.1585;87:0.1549;368:0.15;9199:0.1476;65:0.1476;93663:0.1476;525:0.1464;80795:0.1452;2184:0.144;36755:0.1428;34962:0.1367;79:0.1343;5234:0.1307;3047:0.1295;1538:0.1246;1684:0.1234;17579:0.1222"
"2179329"	"277650:1.0"
"2185318"	"25:0.3318;26:0.2841;31:0.2638;34:0.2249;61:0.2184;141:0.218;56:0.2092;55:0.2042;65:0.203;100:0.1984;60:0.1926;68:0.1884;71:0.1873;64:0.1869;6108:0.1607;57:0.16;67:0.1403;188:0.1234;184:0.1215;165:0.1173;376:0.1138;2381:0.1138;49:0.1042"
"2186988"	"37:0.2544;25:0.2422;26:0.2204;107:0.2179;31:0.2025;151:0.1935;14:0.1929;60:0.1788;10:0.1775;290:0.1717;231:0.1711;34:0.1647;251:0.157;49:0.1563;57:0.1557;427:0.1442;79:0.1435;94:0.1423;68:0.1397;72:0.1352;167:0.1352;3:0.1262;40:0.1256;20945:0.1256;55:0.1237;61:0.123;4441:0.1217;66:0.1198;64:0.1185;477:0.1173;3343:0.1128;191:0.1128;52:0.1115;56:0.1102;100:0.1076;67:0.1076;75:0.1038;65:0.1012;117:0.1"
"2186098"	"84:0.5532;10:0.3214;3100:0.2209;5980:0.2209;101:0.1847;40:0.1756;5126:0.1729;1046:0.1684;931:0.153;723:0.1521;952:0.1412;118:0.1394;3356:0.1376;3:0.1304;307:0.1286;909:0.1249;893:0.124;25771:0.1231;57:0.1222;297:0.115;200:0.1123;161198:0.1114;2188:0.1114;1212:0.1105;18201:0.1041;316:0.1032;11891:0.1014;1022:0.1014;56:0.1014"
"2162608"	"160:0.6452;271:0.3297;2757:0.2823;2254:0.2076;580:0.2004;1249:0.2004;1945:0.1945;188019:0.1862;9566:0.1625;24446:0.1577;1106:0.1542;262:0.1483;161:0.1447;17389:0.1352;524:0.1352;14201:0.1245;11717:0.121;15026:0.121"
"2158958"	"10:0.3369;32098:0.3157;99:0.2667;40:0.2463;94867:0.2141;21688:0.1842;95:0.1747;101:0.1739;107:0.1732;14:0.171;75:0.1673;80:0.1644;72:0.144;66:0.1374;159:0.1367;440:0.1315;3839:0.1272;580:0.1235;118:0.1198;286:0.1125;918:0.1111;897:0.1111;203:0.1103;98:0.1089;295:0.1074;198:0.1052;49:0.1052;224:0.1038;37:0.103;727:0.103"
"2206701"	"10:0.618;12:0.4304;3:0.3523;40:0.3098;2:0.2029;154:0.1706;4:0.1562;83:0.1418;8:0.1375;1487:0.1222;17:0.1146;1:0.1078;58:0.1044;11:0.101"
"2209817"	"242:0.465;337:0.325;34:0.2975;31:0.2529;56:0.2304;64:0.2098;79:0.2011;57:0.1905;26:0.1721;65:0.1542;107:0.1432;37:0.1354;25:0.129;55:0.129;80:0.1281;159:0.1253;60:0.1203;95:0.1166;66:0.1115;61:0.1028;72:0.1014"
"2214752"	"1424:0.3444;100:0.3412;31:0.3085;25:0.2987;60:0.2677;26:0.2661;55:0.2644;34:0.2579;64:0.2285;68:0.2171;67:0.2106;65:0.1926;61:0.1926;3209:0.1681;72:0.1665;1498:0.1665"
"2212327"	"1214:0.5695;804:0.5399;5130:0.4771;35:0.3957"
"2216815"	"25:0.305;26:0.2876;31:0.2696;37:0.2609;2617:0.2585;34:0.2295;100:0.2161;226:0.2028;94:0.1975;141:0.1604;72:0.1569;66:0.1505;582:0.1365;57:0.1296;4:0.1168;118:0.1145;251:0.1133;119:0.1127;117:0.1075;381:0.1052;171:0.1034;1623:0.1034;55:0.1034;215:0.1023;228:0.1023;29:0.1005"
"2193818"	"89332:0.5357;2645:0.5223;41:0.2974;6:0.2443;311577:0.2215;2376:0.1929;20:0.182;5555:0.1752;24:0.1744;12:0.171;1636:0.1676;27:0.1289;54568:0.1179;12824:0.1171;412:0.1002"
"2194988"	"7:0.4923;10:0.2611;68:0.2177;60:0.2169;42:0.2057;84:0.173;78:0.1714;9:0.171;184:0.1559;12:0.1547;36:0.1371;49:0.1363;31:0.1359;317:0.1343;124:0.1296;26:0.1276;188:0.1232;170:0.1212;165:0.1208;241:0.1188;25:0.1188;34:0.1112;80:0.1096;363:0.1068;249:0.1048;203:0.1013;1281:0.1005"
"2190256"	"5925:0.3702;117:0.2356;34:0.2002;957:0.1938;6977:0.1854;31:0.1803;137:0.1796;9407:0.1674;80:0.1642;124:0.1558;645:0.1532;297:0.15;8286:0.1455;1598:0.1423;5103:0.1397;3293:0.1391;93:0.1365;1356:0.1352;5135:0.1294;1943:0.1262;26:0.1249;94:0.1236;25:0.123;969:0.1223;94976:0.1191;827:0.1178;58170:0.1172;138:0.1152;107:0.1146;184340:0.1114;5863:0.1107;439:0.1101;20877:0.1095;42568:0.1088;189:0.1082;6816:0.1056;66:0.1043;705:0.1043;289:0.1043;203:0.1043;50393:0.1043;1197:0.1004"
"2238150"	"187:0.7278;6:0.6857"
"2232695"	"14:1.0"
"2236141"	"146:0.4633;83:0.4481;103:0.3944;583:0.1684;78:0.1317;125:0.1254;84:0.1209;262:0.117;86:0.1141;1162:0.1136;14:0.1119;10606:0.1107;7042:0.1091;10:0.1085;3138:0.1074;8219:0.1068;11527:0.1045;33812:0.1028"
"2236737"	"499:0.7141;993:0.5089;462:0.1635;7692:0.1533;3561:0.1408;686:0.1368;83:0.132;2139:0.1235;146:0.1191"
"224065"	"3:0.7708;913:0.637"
"2251489"	"39:0.5099;6:0.4432;45:0.3812;24:0.3431;20:0.336;238:0.3241;27:0.2502"
"2230215"	"26:0.3901;68:0.3802;31:0.3664;25:0.329;60:0.2364;34:0.2246;92:0.2226;67:0.2226;228156:0.2108;8917:0.2108;10828:0.2069;1977:0.2069;6130:0.2049;57:0.197"
"2227138"	"160:0.7536;8775:0.3198;24446:0.2039;8135:0.1869;1729:0.1859;969:0.1679;1945:0.1659;1918:0.1379;6206:0.1289;94:0.1249;14201:0.1249;5420:0.1169;524:0.1139;1379:0.1119;260:0.1099;157:0.1089;571:0.1069;4121:0.1049;5581:0.1029"
"2226272"	"90:0.5396;1789:0.2826;49:0.2782;1839:0.2532;1:0.242;52:0.1938;7:0.1682;13:0.1519;10:0.1351;975:0.1344;9:0.1238;1332:0.1207;429:0.1125;561:0.1069;1943:0.1063;1450:0.1057;227:0.1044;197:0.1007"
"223014"	"1:0.9248;13:0.3804"
"2271537"	"7:0.9137;244:0.149;30:0.1328;150:0.1226"
"2268620"	"7:0.6005;19:0.4781;9:0.4496;12:0.3254;41:0.1912;103:0.1845;299:0.1795"
"2279565"	"25:0.2678;80:0.2526;37:0.2488;75:0.2475;3:0.2399;226:0.2386;159:0.2386;72:0.1917;14:0.1904;66:0.1904;95:0.1726;26:0.1638;52:0.1612;118:0.1599;57:0.1587;679:0.1574;31:0.1574;34:0.1549;541:0.1511;71:0.146;407:0.146;36:0.1447;67:0.1434;171:0.1409;55:0.1384;204:0.1371;300:0.1371;239:0.1358;56:0.1358;93:0.1307;395:0.1269"
"2274414"	"10:0.7119;112:0.7023"
"2283030"	"141:0.3408;37:0.2663;957:0.2386;49:0.1847;427:0.1831;81080:0.172;258129:0.1704;575:0.1601;87:0.1561;54205:0.1561;229:0.1561;8166:0.1474;174040:0.145;151:0.1443;80:0.1427;792:0.1371;10773:0.1371;153:0.1324;14247:0.1276;371:0.126;14:0.1252;724:0.1252;226:0.1221;598:0.1205;94:0.1197;1153:0.1181;107:0.1173;47877:0.1165;290:0.1165;148:0.1157;29994:0.1118;15491:0.1118;2942:0.1094;602:0.1086;110:0.1086;29031:0.1078;243:0.107;2837:0.1054;3902:0.1046;117:0.1038;5449:0.1022;4381:0.1015;13:0.1007;6922:0.1007;69:0.1007"
"2282170"	"25:0.3331;31:0.2701;26:0.2663;34:0.2185;56:0.2128;67:0.208;65:0.201;55:0.1933;57:0.1863;100:0.1749;64:0.1729;61:0.1717;66:0.1535;37:0.1475;141:0.1436;117:0.1385;19:0.1382;151:0.136;68:0.1293;10:0.122;93:0.1188;60:0.1159;71:0.115;79:0.1108;308:0.1108;75:0.1096;589:0.1077;229:0.1038"
"2262499"	"3:0.4922;15:0.4376;252:0.2848;89:0.2712;74:0.2603;27:0.2224;2:0.1892;12297:0.14;103:0.1231;18:0.12;21:0.1163;1:0.1136;17:0.1122;10:0.1027"
"2261229"	"55:0.3775;26:0.376;31:0.3509;242:0.3384;64:0.3274;61:0.3117;337:0.2365;10:0.2271;83:0.2131;34:0.1927;67:0.1802;19999:0.1614;159223:0.1598"
"2261810"	"2683:0.9304;2355:0.3667"
"2302313"	"200:0.8678;272:0.4095;1176:0.1432;307:0.1331;318:0.1038;10909:0.1028"
"2312258"	"167:0.7149;1813:0.3014;75:0.2992;1:0.1991;26:0.1892;25:0.187;312:0.1837;31:0.176;15080:0.1738;37:0.1727;72:0.1573;34:0.1485;1149:0.1188;117:0.1122"
"2309575"	"83:0.3556;146:0.3556;66:0.2849;103:0.2717;94:0.1976;2592:0.1852;75:0.1743;14:0.1739;124:0.17;49:0.1696;37:0.1607;52:0.1568;380:0.1425;1356:0.1331;234:0.1316;310:0.13;226:0.1184;69:0.1165;172:0.1122;1024:0.1087;72:0.1079;80:0.1048;363:0.1044;95:0.1044;721:0.1033"
"2315212"	"146:0.3915;83:0.3077;103:0.2988;26:0.2431;34:0.193;25:0.193;32490:0.1847;31:0.182;16177:0.1779;66:0.1641;80:0.1559;4572:0.1552;61:0.1545;65:0.1511;49:0.138;672:0.1284;148:0.1222;2971:0.1202;141:0.1133;56:0.1092;910:0.1078;67:0.1078;57:0.1071;69:0.1065;118:0.1044;13:0.101;157:0.1003"
"229512"	"141:0.4206;14:0.3266;83:0.267;37:0.2496;146:0.241;103:0.2044;26:0.1944;31:0.1719;25:0.1452;34:0.141;72:0.1406;60:0.1385;68:0.1278;227:0.1241;159:0.1229;75:0.1225;66:0.1218;242:0.1197;206:0.1195;17:0.1176;2:0.1174;94:0.1134;71:0.112;79:0.1021"
"2333067"	"414:0.8747;15:0.2278;10:0.2201;1:0.1747;142:0.1477;36:0.1438;210:0.1245;212:0.1139;63:0.1081;4043:0.1062;105:0.1004"
"2333633"	"93:0.521;12:0.4964;10:0.435;180:0.3686;40:0.2826;349:0.2777"
"2338409"	"37039:0.7186;3030:0.5299;5:0.1151;2:0.1141;7:0.1097;47:0.1032"
"2344742"	"124:0.5729;100:0.218;10:0.2041;60:0.1555;94:0.1538;68:0.1538;25:0.1451;40:0.144;58:0.1388;339:0.1388;26:0.137;1377:0.1278;11501:0.1266;12744:0.1249;21880:0.1237;69495:0.1226;69:0.1179;117:0.1174;17:0.1156;66:0.1139;3568:0.1127;31:0.1127;52:0.1104;13656:0.107;14:0.1058;141:0.1046;587:0.1035;88188:0.1012;2910:0.1"
"2343178"	"2:0.4109;387:0.2656;59:0.2619;18:0.2383;12:0.2321;493:0.221;50:0.2023;8:0.1986;9:0.1974;4:0.1862;70:0.1837;11053:0.1725;522:0.1639;5:0.1576;1:0.1564;21141:0.1552;74:0.1514;22228:0.1514;37:0.1502;11:0.149;144:0.1452;261:0.1365;47:0.1365;149:0.1341;476:0.1279;219:0.1266;553:0.1241"
"2351725"	"26:0.3526;25:0.27;34:0.2601;10:0.2233;91:0.2156;31:0.2035;33:0.1972;14:0.1842;159:0.1649;40:0.1631;68:0.1622;174:0.1608;107:0.1608;60:0.1554;37:0.1541;71:0.1514;151:0.1464;57:0.1307;80:0.124;198:0.1226;79:0.1163;61:0.1127;51:0.1114;157:0.1078;75:0.1051;56:0.1047;55:0.1024;152:0.1006"
"2351750"	"103:0.8272;187:0.1802;31:0.1554;3184:0.1494;26:0.1466;342:0.1392;34:0.1345;87:0.1116;335:0.1116;92:0.1044"
"2353799"	"26:0.2933;25:0.2894;31:0.26;84:0.2573;34:0.2473;146:0.2083;83:0.1971;5:0.1936;103:0.1816;87:0.1793;67:0.1681;56:0.1596;65:0.1588;2:0.1569;57:0.1561;12:0.1484;227:0.1476;55:0.1387;64:0.1372;61:0.1318;206:0.1252;52:0.1175;14:0.1124;79:0.1117;451:0.1008;60:0.1005"
"2360712"	"41:0.6472;99:0.4895;224:0.2474;286:0.2161;98:0.2085;1322:0.1956;201:0.1815;288:0.175;10:0.1469;136:0.1426;1351:0.1372;3401:0.1221;7:0.1124"
"2327391"	"55:0.3794;25:0.3568;26:0.3334;31:0.3065;34:0.2534;57:0.2102;65:0.2099;122:0.2074;56:0.2051;64:0.2009;61:0.1845;67:0.1593;71:0.1571;72:0.1345;66:0.1088;100:0.1028;308:0.1009"
"2369359"	"146:0.385;83:0.37;103:0.3072;10:0.213;1076:0.2039;100:0.1919;5:0.1867;2:0.1754;40:0.1604;72:0.145;66:0.1439;25:0.1393;14:0.136;4:0.1198;26:0.1194;53:0.1168;80:0.1157;31:0.1146;56:0.1108;94:0.1089;141:0.1089;8:0.1055;34:0.1048;33:0.1003"
"2376682"	"93:0.7915;1831:0.3823;10:0.3136;40:0.2628;12:0.2449"
"2384439"	"1:0.663;112:0.2779;27:0.2286;6:0.2236;13:0.1886;20:0.1672;24:0.16;10:0.1543;211:0.1457;1958:0.1429;4:0.1386;5:0.1307;598:0.1307;44395:0.1222;54:0.1215;2:0.1143;3471:0.1115;473:0.1043;321:0.1022;53:0.1"
"2390003"	"37974:0.4645;6406:0.4525;486:0.4075;468:0.2757;1123:0.2479;21:0.1789;118:0.1684;542:0.1428;45069:0.1114;75:0.1036;346:0.1025"
"2383652"	"25:0.3282;26:0.3178;31:0.3169;34:0.2454;251:0.2398;55:0.2361;57:0.2274;60:0.1987;56:0.1948;61:0.188;64:0.1759;65:0.1742;67:0.1731;79:0.1669;463:0.1556;159:0.1464;68:0.1331;237:0.1252;87:0.1137;331:0.1112;182:0.1058"
"2406164"	"585941:0.7702;103:0.6378"
"2404285"	"2426:0.4599;83:0.3314;146:0.2994;25:0.2526;103:0.229;26:0.2152;197:0.2118;31:0.2073;34:0.195;57:0.1438;61:0.1384;51:0.1374;55:0.1339;56:0.132;64:0.1275;65:0.1172;67:0.1147;79:0.1049"
"2401176"	"110455:0.3486;193319:0.3295;232553:0.2973;3902:0.2699;827:0.2132;205:0.2099;3050:0.2076;4980:0.2022;93828:0.1693;17765:0.1658;4723:0.1592;16866:0.1565;17574:0.1558;8193:0.1386;38154:0.1373;5678:0.1332;46885:0.1257;21626:0.1234;7616:0.1216;2289:0.1209;6258:0.1072;10085:0.1068;10609:0.1055;5731:0.1037;9407:0.1031;247377:0.1018"
"2409599"	"414:0.7659;2:0.304;6:0.2357;17:0.182;1:0.1809;1225:0.1756;59:0.156;58:0.1552;103:0.1046"
"2412109"	"7:0.9358;30:0.2828;17:0.1562;85:0.1414"
"2413702"	"16:0.8372;41:0.3436;44:0.2397;1:0.19;721:0.1571;5:0.1216;270:0.1199;49:0.1119;493:0.1057"
"2398684"	"190535:0.5082;88338:0.4681;154241:0.4331;323444:0.413;43030:0.4055"
"2398905"	"146:0.4184;242:0.3693;83:0.3341;103:0.3195;337:0.258;34:0.1772;56:0.153;17:0.1498;2:0.1484;31:0.1423;64:0.1363;57:0.1288;79:0.126;14:0.1256;58:0.1188;80:0.1035;65:0.1028;37:0.1014;94:0.1003"
"271024"	"7:0.4565;10:0.3789;2016:0.3737;9:0.2606;83:0.2365;104042:0.208;42:0.1821;118:0.1778;2902:0.1666;3054:0.1545;515:0.1424;269635:0.1407;20467:0.1303;40:0.1277;84:0.1226;14125:0.1165;208:0.1156;9422:0.1087;103:0.1087;19:0.1079;197:0.1062"
"254197"	"2:0.3537;146:0.303;5:0.2914;83:0.2524;4:0.2518;103:0.2349;8:0.226;11:0.18;7:0.1557;9:0.1489;31:0.1447;33:0.1431;242:0.1336;37:0.1304;10:0.1283;34:0.1262;3:0.1209;1:0.1209;47:0.113;27:0.1125;41:0.1103;80:0.1093;13:0.1061;266:0.1045;26:0.1014"
"246821"	"17:0.9349;159:0.2112;601:0.1945;695:0.1723;10:0.1178"
"293417"	"80:0.2473;25:0.2378;31:0.2259;1:0.2199;69:0.2104;26:0.208;34:0.205;14:0.202;72:0.2002;83:0.1812;100:0.1776;13:0.1681;12:0.1675;37:0.1663;56:0.1615;49:0.1579;66:0.1561;95:0.1466;55:0.1389;134:0.1371;118:0.1365;229:0.1281;67:0.1281;110:0.1275;71:0.1192;10:0.1168;65:0.1156;313:0.1138;251:0.1108;75:0.1067;419:0.1037"
"299018"	"103:0.8744;87:0.1858;141:0.1264;439:0.1167;26:0.1039;25:0.103;14:0.1001"
"304592"	"1613:0.3515;2149:0.2562;26:0.2379;25:0.2362;34:0.1832;14:0.1776;31:0.1742;463:0.1676;17:0.1575;66:0.1503;57:0.1489;100:0.1482;251:0.1454;61:0.1389;55:0.1357;79:0.1298;68:0.1278;67:0.126;65:0.126;241:0.1233;60:0.1226;170:0.1226;58:0.1205;3244:0.1195;84:0.1184;94:0.1167;209:0.1163;405:0.1163;184:0.116;171:0.1136;16202:0.1105;37:0.1077;148:0.1066;479:0.1063;188:0.106;214:0.1046;2:0.1042;56:0.1039;93:0.1035;11946:0.1011;185:0.1001"
"310116"	"1837:0.5836;851:0.2963;285:0.2308;368:0.1854;13:0.1746;186:0.1731;138:0.1553;437:0.152;1024:0.1367;451:0.1322;284:0.1322;1702:0.1318;69:0.1309;93:0.1238;36:0.1219;426:0.1206;7473:0.1171;14:0.1047;49:0.1044;834:0.1027;1669:0.1027;199:0.1023;3180:0.1016"
"314415"	"17505:0.4952;1040:0.4321;1497:0.3886;4235:0.345;562:0.2439;12:0.2253;174:0.1363;60:0.1261;1:0.1187;160:0.1178;188:0.1159;68:0.115;49130:0.1141;170:0.1131;184:0.1131;165:0.1113;962:0.1066"
"286480"	"103:0.7011;2016:0.3554;7381:0.2657;618:0.2171;10386:0.1994;2386:0.1953;3042:0.1397;1369:0.1309;146:0.1192;8365:0.1135;146760:0.1131;3537:0.1089;9189:0.1028"
"285677"	"2:0.5532;8:0.484;4:0.4821;11:0.3553;5:0.2439;353:0.2036"
"331921"	"12:0.667;16:0.5982;145:0.2365;41:0.2243;208:0.2203;176:0.2062"
"339764"	"98156:0.7207;49:0.4774;80:0.1941;12257:0.1904;78:0.1898;1676:0.189;4889:0.1233;294289:0.115"
"338471"	"26:0.5824;25:0.3192;34:0.3011;31:0.2913;71:0.2048;68:0.1986;60:0.1942;57:0.1576;64:0.1468;65:0.1463;67:0.1461;56:0.1332;61:0.1324;55:0.1239;79:0.1185;170:0.1064;165:0.101"
"363592"	"52:0.4397;1179:0.4299;14:0.3707;84:0.2692;776:0.2585;5135:0.177;573:0.1368;323:0.136;2124:0.1342;9143:0.1318;2347:0.1309;5237:0.1306;1216:0.1255;8486:0.119;7286:0.1065;2094:0.1038"
"347874"	"36:0.278;4:0.2258;2270:0.2237;853:0.2109;3259:0.197;31:0.1906;26:0.1885;29:0.1875;60:0.1757;457:0.1725;910:0.1715;87:0.1683;2:0.1651;25:0.1619;170:0.1608;16521:0.1608;19912:0.1598;777:0.1598;165:0.1587;5717:0.1544;937:0.1523;188:0.1502;8790:0.1491;68:0.148;5605:0.1448;184:0.1374;27:0.1342;2314:0.1278;58:0.1267;5:0.1257;72:0.1246;34:0.1235;249:0.1214;17:0.1204;712:0.1182;297:0.1161;1338:0.1118;2382:0.1086"
"356099"	"10:0.5748;2:0.4185;17:0.3795;7:0.2929;58:0.2616;15:0.2495;42:0.2073;9:0.1837;142:0.1634;210:0.1382"
"326681"	"25710:0.544;1191:0.2332;256:0.2218;4436:0.2104;78930:0.1875;34219:0.1868;5038:0.1633;13540:0.1595;1987:0.1557;19124:0.1525;8255:0.1513;4685:0.1494;1118:0.1468;2007:0.1322;1174:0.1303;3621:0.129;1384:0.1214;670:0.115;1496:0.1138;25609:0.1131;658:0.1125;646:0.1049;8171:0.1042;22536:0.1011;551:0.1011"
"330142"	"208:0.2795;117:0.2532;802:0.2442;72:0.2333;107:0.23;954:0.2114;191:0.1902;171:0.1812;626:0.178;176:0.1709;94:0.1632;79:0.1529;80:0.1529;75:0.1452;26:0.1394;251:0.1285;25:0.1279;312:0.1253;66:0.1247;417:0.1221;31:0.1208;159:0.1195;477:0.1157;52:0.1144;1643:0.1131;690:0.1099;447:0.1099;260:0.1086;134:0.108;379:0.108;93:0.1073;64:0.1035;56:0.1035;55:0.1035;61:0.1028;65:0.1028;67:0.1028;34:0.1022;1373:0.1009;57:0.1009;37:0.1002"
"372458"	"58570:0.7924;67864:0.61"
"373612"	"146:0.3541;103:0.3127;83:0.285;312:0.2414;52:0.2164;75:0.1877;5:0.1861;25:0.1749;171:0.1553;37:0.1468;141:0.1377;148:0.1351;36:0.1345;66:0.1313;49:0.1303;95:0.1292;14:0.1281;26:0.126;317:0.1244;84:0.1228;55:0.1228;31:0.1218;291:0.1196;13:0.1149;60:0.1122;34:0.1085;447:0.1053;203:0.1037"
"364908"	"146:0.3219;83:0.2723;103:0.2641;26:0.2255;31:0.2062;100:0.1989;1076:0.1907;25:0.1808;185:0.1771;61:0.171;72:0.1648;56:0.1624;34:0.1591;75:0.1583;66:0.1554;64:0.1501;65:0.148;57:0.1333;37:0.132;167:0.1312;67:0.1312;55:0.1312;52:0.1279;10:0.1255;79:0.123;141:0.1152;14:0.114;615:0.1123"
"413515"	"26:0.3982;5:0.3048;34:0.2925;61:0.2802;55:0.2573;25:0.2484;71:0.2467;56:0.2379;31:0.2379;67:0.2344;57:0.2308;65:0.2062;72:0.1868;64:0.1815;75:0.1815;242:0.1762"
"431257"	"17:0.447;183:0.416;2:0.4114;277:0.301;58:0.2533;18:0.1816;10:0.1573;3:0.1519;84:0.1329;112:0.128;83:0.1235;9:0.1226;5:0.1091"
"398026"	"200590:1.0"
"419275"	"137630:0.6236;85675:0.5575;339:0.548"
"398966"	"3689:0.3135;4088:0.2928;5209:0.2469;8903:0.245;161:0.2099;675:0.2067;539:0.1954;100:0.1923;46:0.1885;2112:0.1872;191:0.1822;336:0.1816;838:0.169;31:0.1508;5:0.147;26:0.1407;2:0.1376;1852:0.1301;18713:0.1206;5192:0.1106;34:0.1068;60:0.1043;1439:0.1037;25:0.103;68:0.1018;3925:0.1005"
"447924"	"2:0.3647;17:0.2452;95:0.234;87:0.229;37:0.2234;350:0.216;94:0.2066;1439:0.2048;58:0.1668;406:0.1643;49:0.15;66:0.1481;1162:0.1456;107:0.1419;214:0.1382;557:0.1375;627:0.1319;189:0.1288;872:0.127;1685:0.122;1284:0.1207;1692:0.1189;857:0.1189;72:0.1151;6133:0.1126;10286:0.1126;464:0.1114;1019:0.1095;4254:0.1046;178:0.1014"
"443183"	"821:0.5361;10304:0.5181;95:0.4911;327:0.4505"
"447949"	"1521:1.0"
"452559"	"10:0.6943;40:0.58;155206:0.3123;28092:0.29"
"453297"	"200590:1.0"
"454462"	"278:0.5504;203:0.4651;250:0.4211;3846:0.4211;110401:0.355"
"466186"	"3:0.8974;41:0.4003;89:0.1174;201:0.1134"
"439634"	"15:0.5886;83:0.4238;146:0.2689;130:0.2496;103:0.234;162:0.1827;10:0.1483;242:0.138;36:0.1262;80:0.1008"
"434611"	"103:0.4978;83:0.3759;146:0.3513;31:0.1992;26:0.1912;25:0.1827;13763:0.1807;293:0.1786;34:0.1531;94:0.1495;52:0.1229;320:0.1189;582:0.1169;5:0.1119;148:0.1079;778:0.1029;93:0.1014;35:0.1009"
"434184"	"60:0.2476;26:0.2441;68:0.2345;66:0.2187;1843:0.2126;25:0.2052;11358:0.1972;34:0.1929;31:0.1848;2011:0.1791;5955:0.1775;1518:0.1594;747:0.1494;168838:0.1417;130293:0.1371;265:0.1371;182:0.1321;171:0.1255;291:0.1251;94:0.1248;62:0.1244;138360:0.1171;125:0.1171;42020:0.1159;61:0.1144;56:0.1144;55:0.1136;626:0.1132;205:0.1113;4385:0.1094;67:0.109;23471:0.109;37:0.1086;927:0.1086;165:0.1074;72:0.1055;49:0.1047;64:0.1047;236:0.1044;285:0.1036;234:0.1032;313:0.1028;443:0.1028;15893:0.102;230:0.1005"
"438060"	"2:0.7129;58:0.2988;8:0.2975;17:0.2876;4:0.2814;11:0.2331;562:0.155;789:0.1413;69:0.1351;12317:0.1339;10:0.1327"
"482886"	"7565:0.7659;84:0.6429"
"498229"	"1927:0.5198;534:0.4993;655392:0.4469;2517:0.3921;724:0.2576;1463:0.2462"
"492424"	"22:0.4697;3562:0.4533;10229:0.4014;35:0.3686;115:0.3277;12835:0.3058;43:0.2758"
"503930"	"12:0.8304;504:0.5572"
"472628"	"12083:0.2839;34:0.2812;60:0.2733;68:0.2592;26:0.2495;3150:0.2239;55:0.2045;25:0.2019;87:0.1904;57:0.1904;442:0.1728;31:0.1675;230:0.1613;188:0.1516;315:0.1516;405:0.1411;67:0.1402;170:0.1393;203:0.1314;678:0.1287;249:0.1243;45072:0.1208;350:0.119;7153:0.1172;71:0.1164;237:0.1155;165:0.1128;182:0.1111;64:0.1102;184:0.1058;331:0.104;2362:0.1023;48944:0.1014"
"473240"	"41:0.8486;15:0.3835;7:0.2673;201:0.2476"
"519584"	"5:0.8547;47:0.3029;147:0.2768;29:0.2576;253:0.1863"
"530385"	"5:0.4629;1:0.3198;15:0.2657;29:0.2628;23:0.2438;6:0.238;47:0.2336;10:0.2059;83:0.203;492:0.1898;458:0.1781;18:0.1767;24:0.1752;644:0.1723;63:0.1723;20:0.165;105:0.1606;41:0.1592;158:0.1489"
"543975"	"2252:0.4035;1:0.3899;18:0.2625;1095:0.2106;13:0.2006;21:0.1924;50:0.1806;19:0.1806;455:0.1724;2445:0.1679;70:0.1533;4157:0.1483;23:0.1401;696:0.1401;9:0.1256;83:0.1206;17:0.1201;4890:0.1106;347:0.1087;25:0.1083;4710:0.1055;86:0.1051;3:0.1042;100:0.1024"
"515095"	"771:0.5084;277:0.3742;41:0.353;32:0.3017;32314:0.2746;6:0.2655;1096:0.2323;27:0.2127;24:0.1946;14863:0.1901;20:0.1871;3682:0.178"
"508395"	"339:0.4171;21482:0.3908;5718:0.3461;137630:0.3164;85675:0.263;10873:0.2251;1064:0.2123;80847:0.1751;427:0.1602;816:0.1528;1887:0.1521;227617:0.1501;3037:0.1454;19318:0.1426;4047:0.1237;95999:0.1156;8120:0.1122;24289:0.1048;99740:0.1021"
"566153"	"22362:0.3439;604:0.2975;8573:0.294;55287:0.2886;2340:0.2868;93946:0.2744;9166:0.2601;17708:0.2387;948:0.2174;7235:0.2156;973:0.2138;850:0.212;326:0.2067;23216:0.2049;861:0.1995;7038:0.1799"
"556160"	"7:0.7509;19:0.4352;9:0.4173;311:0.1922;299:0.1892"
"557808"	"62:0.2778;17:0.2367;10:0.2341;117:0.2252;14:0.2099;58:0.2089;95:0.2073;72:0.2046;40:0.1957;33:0.1952;100:0.1815;31:0.1515;66:0.1505;1076:0.1394;25:0.1363;167:0.1357;26:0.1352;83:0.1273;346:0.1242;125:0.1199;61:0.1157;34:0.1147;118:0.1131;53:0.1126;2:0.1121;203:0.111;254:0.1089;171:0.1084;160:0.1068;67:0.1063;225:0.1036;13:0.1036;6:0.1026;71:0.1021;141:0.1"
"572417"	"63860:0.4451;31:0.3166;26:0.3088;25:0.2941;34:0.2163;61:0.1951;55:0.1951;56:0.1925;64:0.1878;57:0.1831;65:0.1802;67:0.1626;68:0.141;60:0.1359;79:0.1196;71:0.1085"
"567876"	"135336:0.6019;77252:0.4275;393253:0.4138;478480:0.3967;75873:0.3556"
"549103"	"408:0.4029;237:0.4029;17:0.3891;52:0.3857;69:0.3581;331:0.3581;262:0.3444"
"592278"	"60285:0.9026;600:0.3063;172:0.19;92:0.1687;2843:0.1638"
"594371"	"26:0.3079;31:0.2764;34:0.2604;25:0.2547;49:0.2317;33:0.2235;91:0.2014;37:0.1855;56:0.1674;55:0.1597;137:0.1568;152:0.1494;57:0.1486;51:0.1421;67:0.1392;64:0.1314;199:0.1265;14:0.1245;71:0.1241;61:0.1236;93:0.1183;72:0.1134;99465:0.1118;65:0.1118;1598:0.1118;94:0.1093;79:0.1073;80:0.106;214:0.106;140:0.1003"
"607054"	"7:0.8012;9:0.4026;19:0.3274;6044:0.1303;30:0.1276"
"618036"	"10:0.76;3:0.4251;40:0.3747;15:0.2126;27:0.1713;7:0.1636"
"618783"	"3:0.4309;9:0.3615;41:0.3317;10:0.2793;501:0.275;18:0.2651;716:0.2084;50:0.1942;7:0.1914;2740:0.1871;70:0.1758;23:0.1644;42:0.1588;179590:0.1559;492:0.1531;352:0.1517;87:0.1503;5986:0.1432"
"618922"	"227971:0.7009;17501:0.6061;38587:0.3759"
"582748"	"16:0.8956;297:0.3144;44:0.2388;392:0.205"
"634414"	"34:0.3324;25:0.3227;31:0.3144;26:0.2989;64:0.2396;55:0.2358;79:0.2074;57:0.1771;67:0.1507;95:0.1449;93:0.1398;153:0.1366;56:0.1308;61:0.1301;65:0.1295;172:0.1217;125:0.1192;182:0.1134;159:0.1127;37:0.1095;231:0.105;171:0.1018;13587:0.1011"
"634549"	"41:0.6041;34254:0.5204;10:0.4549;5846:0.3967"
"635184"	"329:0.5358;1196:0.3812;1060:0.3339;13336:0.3236;125:0.2369;2466:0.2299;2214:0.2114;3341:0.1931;1220:0.1911;819:0.1275;24133:0.1254"
"631874"	"10:0.4239;34:0.272;242:0.2489;26:0.2304;31:0.2252;56:0.1865;25:0.1784;337:0.1738;64:0.1698;57:0.1582;79:0.1576;40:0.1559;66:0.1501;897:0.1403;80:0.138;37:0.1322;174:0.1305;17:0.1282;7:0.1155;75:0.112;918:0.1097;60:0.1091;1780:0.1068;6421:0.1057;65:0.1039;159:0.1028;505:0.1011;475:0.1005;107:0.1005"
"639655"	"140:0.4853;59:0.4453;2:0.4228;8:0.3452;4:0.3202;1:0.3152;11:0.2577"
"641049"	"53:0.6577;82:0.4421;33:0.4283;54:0.2914;163:0.2275;52:0.1563;6:0.1295;14:0.1036"
"653223"	"1379:0.5738;3057:0.5267;8479:0.4095;42036:0.2046;10072:0.1885;4610:0.1801;16539:0.1187;5668:0.1081"
"647851"	"141:0.5331;52:0.4388;633:0.4175;1586:0.4152;690:0.3444;551:0.2406"
"628750"	"15:0.4197;4:0.2874;5:0.2696;283:0.2654;2:0.254;1:0.2312;29:0.2291;17:0.2149;30:0.2099;661:0.2092;296:0.1779;8:0.1779;428:0.1686;565:0.1537;11:0.138;1148:0.1266;41:0.1259;207:0.1252;41006:0.1195;47:0.1067;681:0.1017"
"627070"	"247918:1.0"
"622490"	"3:0.6665;10:0.2524;18:0.1791;9:0.1685;7:0.1647;23:0.1474;622:0.1368;97:0.1368;230:0.1368;68:0.133;60:0.133;170:0.1315;165:0.13;11128:0.1247;195:0.1247;241:0.1232;188:0.1232;8535:0.1209;2967:0.1209;50:0.1202;919:0.1194;42:0.1141;184:0.1133;14903:0.1111;70:0.1088;1625:0.1035;2831:0.1005"
"628369"	"2:0.7001;17:0.5592;58:0.444"
"668082"	"24589:1.0"
"667871"	"26:0.3067;31:0.2575;66:0.2343;67:0.2251;68:0.2135;34:0.2119;57:0.2095;55:0.2087;25:0.2051;60:0.2023;65:0.1715;37:0.1687;72:0.1683;61:0.1655;75:0.1619;64:0.1599;56:0.1503;117:0.1395;226:0.1312;176:0.1264;10:0.1212;308:0.1156;208:0.1084;99:0.1048"
"680517"	"197:0.586;349:0.4263;4:0.3828;40829:0.3211;29:0.2884;540:0.2503;83:0.2141;1363:0.1832"
"675148"	"26:0.3251;25:0.3116;31:0.2923;65:0.2069;60:0.1991;71:0.1972;34:0.1947;57:0.1869;56:0.1805;67:0.1747;49:0.1702;206:0.1632;227:0.1593;68:0.1567;4932:0.1542;391:0.1529;95:0.1465;64:0.133;61:0.1298;481:0.1291;254:0.1182;390:0.1099;308:0.1066;55:0.1028"
"678389"	"183:0.5958;41:0.3452;2:0.342;233:0.3121;197:0.2916;59:0.29;54:0.2018;703:0.197;1516:0.1907;144:0.1624"
"690479"	"103:0.5796;2016:0.3988;7381:0.3135;618:0.2774;2386:0.2224;9189:0.2045;146:0.2016;146760:0.1874;10386:0.183;83:0.1651;3042:0.1239;8365:0.1192"
"683652"	"391:0.3445;4699:0.2537;2596:0.2487;371:0.234;911:0.2215;999:0.2073;6017:0.1924;964:0.191;6235:0.1834;724:0.1812;677:0.1782;704:0.1772;1290:0.1709;910:0.1627;1094:0.1559;8706:0.1412;418:0.139;6674:0.1287;1972:0.1143;933:0.1137;1501:0.1117;25:0.1048;238:0.1034;26:0.1024;1128:0.1014;31:0.101;575:0.1004"
"660502"	"84:0.3849;25:0.3053;26:0.2595;31:0.2486;3102:0.2323;307:0.2126;57:0.2045;34:0.2017;64:0.1816;297:0.1597;56:0.1527;715:0.1434;55:0.1423;65:0.1347;71:0.1325;87:0.1319;391:0.1243;1841:0.1172;952:0.1129;61:0.109;67:0.1041;368:0.103;1723:0.1003"
"701668"	"37:0.3025;14:0.294;25:0.2673;31:0.213;93:0.2002;2:0.197;26:0.1885;56:0.18;381:0.1768;228:0.1757;181:0.1662;36:0.163;72:0.1619;421:0.1555;94:0.1544;196:0.1534;605:0.147;67:0.1438;65:0.1427;34:0.1406;172:0.1374;55:0.1363;57:0.1342;138:0.131;6949:0.131;64:0.1267;61:0.1257;260:0.1214;68:0.1182;49:0.1161;69168:0.1161;327:0.115;4:0.1108;8:0.1108;750:0.1097;6569:0.1086;100:0.1076;148:0.1065"
"714876"	"277:0.94;32:0.1284"
"710987"	"312:0.4427;95:0.4165;26:0.3981;228:0.351;56:0.3143;55:0.3143;270:0.275;638:0.275"
"711591"	"5:1.0"
"714141"	"59:0.4619;6:0.4619;24:0.3305;20:0.3284;27:0.3072;83:0.2924;144:0.2564;44:0.2436;74:0.2267"
"711941"	"125:0.6934;87:0.2341;582:0.1757;100:0.1671;26:0.1598;31:0.1502;34:0.1323;25:0.1286;57:0.1275;71:0.1238;36:0.1213;117:0.1186;1611:0.1165;10:0.1138;21126:0.1138;64:0.1121;55:0.1028"
"723335"	"49:0.3497;284:0.2618;157:0.2249;167:0.224;69:0.2146;78:0.2013;14:0.1956;52:0.1815;1900:0.1578;949:0.156;208:0.1493;149:0.1493;462:0.1456;93:0.1427;1609:0.1408;435:0.138;1623:0.1352;1294:0.1304;537:0.1304;153:0.1304;1537:0.1276;313:0.1238;110:0.12;890:0.1181;408:0.1172;37:0.1144;699:0.1134;647:0.1115;1523:0.1106;674:0.1096;350:0.1096;1385:0.1087;219:0.1068;94:0.1059;3941:0.1059;4:0.1059;214:0.1059;2117:0.1059;6057:0.104;4007:0.103;134:0.1011;2741:0.1002"
"700195"	"802:0.2999;31:0.2459;26:0.2189;94:0.2153;25:0.2097;34:0.2082;78:0.2004;215:0.1933;14:0.1912;190:0.1656;18854:0.1578;181:0.1507;100:0.1457;49:0.145;125:0.145;66:0.1414;139:0.1372;1867:0.1286;185:0.1272;1573:0.1265;344:0.1244;2291:0.1237;322:0.1215;5296:0.1158;746:0.113;291:0.1123;16817:0.1102;1213:0.1094;59228:0.1094;86355:0.108;670:0.108;17065:0.108;14562:0.1073;72:0.1073;12231:0.1066;10187:0.1059;169:0.103;61:0.1016"
"700294"	"31:0.3468;25:0.309;34:0.3083;26:0.2913;410703:0.2505;297:0.2443;61:0.185;56:0.1688;64:0.1649;65:0.1549;55:0.1503;2977:0.1457;350:0.1387;67:0.138;57:0.138;1290:0.1333;79:0.1326;527:0.1287;49:0.1264;71:0.1241;799:0.1125;1162:0.1094;391:0.1094;13624:0.1071;1356:0.1056;203:0.1017;666:0.1002;550:0.1002"
"737797"	"26:0.4981;31:0.4859;64:0.3614;4932:0.3126;34:0.2979;68:0.2662;55:0.2588;138:0.2466"
"742679"	"3237:0.5681;84:0.4075;212:0.3201;2:0.2296;4:0.1923;272:0.1456;8:0.1436;12:0.1307;316:0.1277;10:0.1233;245:0.1223;54:0.1178;1957:0.1108;11:0.1093;873:0.1069"
"742265"	"3:0.8537;21:0.2581;28:0.2282;7:0.2262;9:0.1671;18:0.1345;98:0.1168"
"753547"	"318:1.0"
"746994"	"99:0.3402;68:0.2772;60:0.2772;49:0.2599;72:0.2504;170:0.2252;165:0.2236;188:0.211;241:0.211;36:0.2032;184:0.1937;37:0.1921;182:0.1843;26:0.1795;69:0.178;57:0.1764;254:0.1717;249:0.1701;17:0.1701;65:0.1638;12485:0.1622;406:0.1591"
"745724"	"439:0.5756;26:0.2236;25:0.2123;87:0.1934;34:0.176;2:0.1651;243:0.1562;31:0.1562;64:0.1533;56:0.1505;4:0.143;228:0.1392;8:0.1378;67:0.1354;107:0.1345;1097:0.1293;5:0.1264;224:0.1161;2255:0.1156;37:0.109;79:0.1085;11:0.1066;55:0.1047;57:0.1047;61:0.1038;65:0.1019"
"758168"	"66:0.2416;2090:0.2357;37:0.2332;13943:0.2105;26:0.2059;25:0.2026;1600:0.1929;225:0.1745;345:0.1682;75:0.1673;1060:0.1606;31:0.1577;78:0.1552;3569:0.1464;134:0.1447;141:0.1418;297:0.1367;4064:0.1359;34:0.1334;219:0.1329;280:0.1271;390:0.1254;477:0.1225;49:0.1195;57:0.1191;55:0.1187;93:0.117;110213:0.117;2696:0.1162;906:0.1158;34625:0.1158;55730:0.1158;12701:0.1145;23423:0.1141;29284:0.1137;368558:0.1132;61:0.1124;289:0.1099;16434:0.1074;357003:0.1048;181942:0.104;107:0.1028;255:0.1015;14:0.1011;28747:0.1007"
"761596"	"26:0.5335;25:0.5275;31:0.4977;34:0.4351"
"761029"	"97178:0.6523;426057:0.4555;329:0.4183;4870:0.2713;5311:0.2506;10557:0.2361"
"783231"	"16710:0.478;6263:0.4372;36633:0.3844;78:0.3538;782:0.2313;368:0.2279;9393:0.2245;646:0.2211;983:0.1905;800:0.1888;37:0.1752"
"788694"	"100:0.7119;762:0.4754;125:0.3289;8205:0.3087;225:0.2523"
"797896"	"6:0.4685;4:0.3538;24:0.3418;2:0.3394;27:0.337;20:0.3322;318:0.3275;1:0.3036"
"792327"	"329:0.483;2573:0.4411;3075:0.4313;1220:0.3734;3605:0.2673;1743:0.237;258:0.2019;1251:0.1743"
"815420"	"939:0.8585;49:0.3118;133402:0.2321;2212:0.2093;117:0.1894;83:0.1794"
"813116"	"146:0.3545;83:0.2842;103:0.2709;26:0.2692;34:0.2497;25:0.248;60:0.202;68:0.1998;67:0.1728;71:0.1662;159:0.1618;55:0.1472;31:0.1467;64:0.141;297:0.1401;65:0.1383;61:0.1379;72:0.1375;56:0.1189;1396:0.107;37:0.1043;75:0.103;13:0.1021"
"817501"	"135:0.3773;115:0.3467;31:0.2722;25:0.2639;26:0.2144;37:0.2116;34:0.1761;64:0.1706;57:0.158;55:0.1483;65:0.1448;60:0.1434;68:0.1378;72:0.1358;300:0.1288;230:0.1204;170:0.1184;56:0.1177;412:0.1135;151:0.1135;94:0.1107;67:0.11;215:0.1093;80:0.1079;95:0.1051;721:0.1009"
"833673"	"26:0.3705;25:0.351;31:0.3379;34:0.3121;57:0.1991;64:0.1981;65:0.1967;55:0.1957;61:0.1943;67:0.1908;56:0.186;79:0.1363;873:0.1144;84:0.1047"
"829060"	"2564:0.7297;928:0.4326;1125:0.3894;434:0.1843;83:0.133;146:0.1095"
"831041"	"5:0.6322;1:0.5798;212:0.4711;4:0.2054"
"829322"	"1476:1.0"
"801041"	"83:0.5917;146:0.2997;103:0.2315;41:0.2152;1092:0.1617;251:0.1574;75:0.1462;290:0.1462;151:0.1357;204:0.1283;343:0.1272;26:0.1249;25:0.1229;10:0.1225;289:0.1202;31:0.1159;260:0.1148;37:0.1128;44:0.1082;117:0.1031"
"849536"	"15:0.8273;252:0.26;89:0.2477;74:0.2277;27:0.1992;10:0.174;142:0.1203"
"849717"	"125:0.3861;94:0.2902;80:0.2281;4179:0.2224;251:0.2032;21745:0.1874;45080:0.1818;37:0.175;673:0.1716;7463:0.1694;13297:0.1682;5205:0.1682;148:0.1592;258:0.1592;3114:0.1547;72:0.1536;117:0.1524;1226:0.1513;13063:0.1513;427:0.1502;12621:0.1423;419:0.1423;1844:0.14;640:0.1389;10490:0.1355;25:0.1321;12147:0.131;8286:0.1276;5562:0.1265;262:0.1231;7005:0.1174;372:0.1174;12766:0.1152"
"845814"	"91:1.0"
"856348"	"25:0.2524;26:0.2446;110:0.2298;31:0.224;185:0.213;6564:0.1969;369:0.1904;34:0.1788;2379:0.1698;3300:0.1698;728:0.1517;61:0.1485;37:0.1465;15762:0.1446;1512:0.1401;214:0.1375;65:0.1362;12132:0.1343;3139:0.1323;55:0.1291;11105:0.1265;64:0.1239;3281:0.1239;9698:0.1207;376:0.1175;310:0.1168;297:0.1168;1152:0.1162;79:0.1162;3392:0.1155;119:0.1155;802:0.1149;379:0.1117;56:0.1104;1297:0.1097;1247:0.1097;67:0.1091;1314:0.1078;57:0.1065;14785:0.1059;12628:0.1059;9152:0.1052;141:0.1052;698:0.1046;419:0.1039"
"855774"	"66:0.2814;25:0.2497;37:0.2429;463:0.219;26:0.2164;14:0.2138;93:0.2032;61:0.197;94:0.1827;100:0.1736;31:0.1681;72:0.1676;34:0.1653;64:0.1619;56:0.1549;55:0.145;95:0.1434;67:0.1362;219:0.1336;49:0.1302;134:0.1224;57:0.1216;281:0.1195;79:0.1167;149:0.1071;65:0.106;75:0.1024;171:0.1021;52:0.1013"
"868138"	"15:0.5182;74:0.4355;27:0.3811;136:0.3448;252:0.3367;89:0.3206;229:0.248"
"863632"	"1444:0.6955;1086:0.5197;186:0.4962"
"838622"	"52:0.3257;83:0.3018;62:0.259;6383:0.2485;3828:0.1986;26:0.1923;34:0.1586;80:0.1509;78:0.1481;5:0.1446;93:0.1411;25:0.1369;243:0.1348;67:0.132;9158:0.1291;31:0.1291;13970:0.1256;61:0.1214;570:0.1207;3185:0.12;451:0.1193;262:0.1193;14:0.1165;94:0.1165;892:0.1158;4308:0.1151;56:0.1151;2233:0.1151;1884:0.1151;2009:0.113;137:0.1109;228:0.1102;2342:0.1081;189:0.1053;92:0.1046;15355:0.1046;87:0.1039;228581:0.1032;3861:0.1004;3713:0.1004"
"887246"	"49:0.2413;14:0.2338;25:0.2164;141:0.1973;94:0.1956;100:0.1938;26:0.1811;167:0.1805;37:0.1736;80:0.1736;31:0.169;151:0.162;53:0.1528;117:0.1522;208:0.1493;95:0.1487;75:0.1452;34:0.1418;179:0.1354;1076:0.1342;229:0.1319;61:0.1308;66:0.1221;961:0.1209;107:0.1203;930:0.1203;281:0.1169;72:0.1169;290:0.1151;139:0.1151;570:0.1134;65:0.1122;123:0.1117;584:0.1111;189:0.1105;71:0.1099;69:0.1094;254:0.1082;616:0.107;118:0.1065;872:0.1065;350:0.1065;346:0.1059;1048:0.1047;82:0.1041;62:0.1036;55:0.1036;1080:0.1036;234:0.1036;33:0.1013"
"888652"	"3544:0.3246;131276:0.3082;7323:0.2901;6383:0.277;436:0.2721;39734:0.2393;10418:0.2393;943:0.2361;391:0.2295;605:0.2229;7203:0.218;1701:0.1984;454:0.1967;94:0.1934;3911:0.1902;3047:0.1787;8071:0.177;2203:0.1721"
"883228"	"10:0.706;40:0.59;114:0.3917"
"902956"	"3281:0.7492;83:0.2572;146:0.2239;103:0.195;35:0.1738;26:0.1714;34:0.1472;25:0.1385;31:0.1274;37:0.1071"
"907129"	"31:0.3263;25:0.3075;26:0.3029;34:0.2739;84:0.271;67:0.1714;60:0.1668;56:0.1663;14:0.1475;55:0.1452;61:0.1418;189:0.1304;22:0.1304;65:0.1275;64:0.1264;57:0.1258;2174:0.1247;49:0.1241;68:0.1241;605:0.1213;60698:0.115;8286:0.111;451:0.1059;3697:0.1042;297:0.1036;208:0.1031;13777:0.1031;12406:0.1014"
"871856"	"112:0.8175;304:0.1628;84:0.1579;25:0.1304;141:0.1084;7782:0.1074;60:0.1049;68:0.1015;37:0.1005"
"876721"	"40282:0.7777;344:0.3537;65:0.3373;12:0.2998;826:0.2577"
"874562"	"31:0.3311;26:0.3274;25:0.3085;11207:0.3024;34:0.2697;35136:0.2031;55:0.2013;61:0.2002;56:0.1848;65:0.1831;57:0.1825;79:0.1819;67:0.1645;64:0.1599;60:0.1344;49:0.1191;182:0.115;71:0.1121;36:0.1115;188:0.111;9835:0.1069;87:0.1043"
"920692"	"1811:0.3266;381:0.3055;297:0.2831;66:0.2741;112:0.2165;3100:0.1889;3102:0.1832;238:0.1588;1541:0.1454;191:0.1441;1424:0.1403;371:0.1326;33:0.1319;785:0.1313;25:0.1306;107:0.1281;71:0.1268;72:0.1268;1466:0.1236;117:0.114;9035:0.1114;43:0.1108;103:0.1108;3749:0.1076;1582:0.1069;1747:0.1063;134:0.105;2986:0.1031;418:0.1012;1868:0.1012;406:0.1005;184746:0.1005"
"928084"	"1184:0.4506;60:0.2821;68:0.2396;75:0.2133;31:0.2052;65:0.1846;26:0.1835;10682:0.18;12:0.1777;3154:0.1743;64:0.1743;57:0.1697;79:0.1651;230:0.1594;134:0.1582;76:0.1536;928:0.1525;56:0.1525;25:0.1491;1125:0.1433;27:0.1399;294:0.1342;182:0.1319;827:0.1307;2923:0.1273;466:0.125;34:0.1215;184:0.1204;67:0.1181;2346:0.1158"
"932677"	"10:0.5828;75:0.4965;36:0.4595;1918:0.4502"
"933248"	"83:0.4151;146:0.4082;103:0.3377;1:0.2988;53:0.2147;25:0.1714;82:0.1611;33:0.156;13:0.1538;31:0.1468;26:0.1428;60:0.1321;68:0.1215;64:0.1197;55:0.1164;56:0.1156;67:0.1097;61:0.1083;57:0.1072;34:0.1068;54:0.1061;184:0.1046"
"937644"	"313:0.2881;37:0.2536;312:0.2045;100:0.1891;17203:0.1781;254:0.173;25:0.1693;95:0.1664;1347:0.1613;148:0.1605;31:0.1605;26:0.1605;34:0.1591;56:0.1583;83:0.1561;65:0.1547;802:0.1495;61:0.1481;57:0.1451;93:0.1385;55:0.1371;66:0.1334;117:0.1319;10121:0.1283;64:0.1283;2181:0.1275;27681:0.1187;26070:0.1165;208:0.1151;189:0.1143;19614:0.1122;37424:0.1114;72:0.1107;14:0.1078;8058:0.1078;755:0.107;457:0.1056;67:0.1056;110:0.1041;303180:0.1034;256:0.1019;205:0.1012;94:0.1004;622:0.1004"
"910468"	"3537:0.4642;28383:0.4527;72814:0.3353;3042:0.2609;175:0.2285;2761:0.1929;2016:0.1894;3054:0.1443;33:0.1392;31109:0.138;42843:0.1111;4799:0.1099;267:0.104;135878:0.1"
"910046"	"47699:0.4896;3034:0.4546;9568:0.41;285:0.3595;115934:0.3062;60243:0.1457;23050:0.14;792:0.1368;117005:0.1139;26288:0.1007"
"955977"	"146:0.4725;83:0.4278;103:0.361;10:0.2652;312:0.2287;40:0.2218;1028:0.1571;366306:0.1474;2985:0.135;381:0.1316;8726:0.124;66:0.115;80:0.1033;117:0.1006"
"965598"	"114:0.489;218:0.3465;10:0.3185;282:0.2589;40:0.2263;2947:0.2142;17:0.2058;15885:0.203;303:0.1928;96:0.1807;36:0.1686;276:0.1537;2:0.1472;885:0.1444;224:0.136;1979:0.1351;334:0.1229;22:0.1127;3149:0.1099;3132:0.109;582:0.1062"
"966412"	"3:0.4849;79:0.3142;122:0.2139;345:0.2101;31:0.196;4017:0.1754;93:0.151;37:0.1491;26:0.1491;25:0.1468;67:0.1468;3975:0.1454;72:0.1304;34:0.1294;1448:0.129;374:0.1257;185:0.1196;229:0.1191;2979:0.1182;71:0.1144;36:0.1135;68:0.1121;443:0.1097;363:0.1088;5:0.1046;3966:0.1032;57:0.1004"
"971253"	"66:0.3057;100:0.2903;52:0.2299;391:0.226;94:0.226;68:0.2183;117:0.2145;38365:0.1991;60:0.1926;376:0.1888;17:0.1811;10625:0.1721;72:0.1708;1675:0.1708;447:0.1644;627:0.1618;2280:0.1593;1109:0.158;443:0.1567;141:0.1464;37:0.1451;477:0.1451;8230:0.1438;2458:0.1438;2:0.1387;1277:0.1374;333:0.1349;1611:0.1336;289:0.1297;167:0.1284"
"976679"	"80:0.5396;15:0.3905;255:0.2512;7:0.2301;103:0.2252;146:0.2236;1469:0.2123;10:0.2107;242:0.209;2239:0.1864;83:0.1766;12724:0.1734;49:0.1701;169:0.1669;148:0.1653;6573:0.162"
"946117"	"910:0.3309;391:0.2364;3438:0.1978;172:0.1978;715:0.1943;6065:0.1812;18655:0.1768;2754:0.1716;84:0.1698;1152:0.1646;1467:0.1637;3725:0.1541;1265:0.1523;1138:0.1514;1913:0.1479;2453:0.1444;80108:0.1427;2687:0.1401;13073:0.1392;3718:0.1383;55971:0.1374;33199:0.1374;8415:0.1357;59463:0.1348;5639:0.1296;598:0.1261;17380:0.1234;134511:0.1182;2935:0.1173;1196:0.1156;5900:0.1147;66:0.1147;179:0.1121;13622:0.1103;44469:0.1094;100:0.1094;9146:0.1094;167:0.1086;1051:0.1077;86582:0.1068;72:0.1068;691:0.1033;1889:0.1024"
"949163"	"41:0.753;15:0.4774;6:0.2526;201:0.2067;1950:0.1936;24:0.1821;20:0.1673"
"992758"	"7327:0.9564;5977:0.2313;2096:0.1329;618732:0.1187"
"993491"	"31:0.2853;26:0.2737;87:0.2352;84:0.2317;25:0.22;10:0.196;55:0.1911;95:0.1829;56:0.1801;65:0.1746;64:0.1685;72:0.1602;61:0.1492;34:0.1471;79:0.1382;1943:0.1368;439:0.1361;49:0.13;60:0.1251;67:0.1251;188:0.1217;43772:0.121;12:0.119;4993:0.1155;315:0.1141;297:0.1141;1718:0.1128;170:0.1086;178:0.108;15509:0.1059;418:0.1059;7980:0.1059;517:0.1045;2294:0.1038;97581:0.1004"
"983194"	"100:0.3316;26:0.2869;25:0.257;622:0.2281;31:0.2158;94:0.1974;1011:0.1851;605:0.1842;57:0.1772;34:0.1746;67:0.1632;64:0.1579;56:0.1526;3:0.1518;55:0.1456;60:0.1448;68:0.1377;97:0.1298;208:0.129;107:0.1255;582:0.1246;308:0.1219;61:0.1219;148:0.1193;1689:0.1193;1549:0.1176;270:0.1176;141:0.1167;124:0.114;65:0.1132;237:0.1132;170:0.1097;191:0.1088;182:0.107;173:0.1053;225:0.1035;71:0.1009;331:0.1009"
"983458"	"83:0.5736;146:0.5125;103:0.3917;198:0.15;71:0.1465;1419:0.1451;1000:0.1424;31:0.1264;95:0.1201;26:0.1104;60:0.1083;541:0.1035;80:0.1014;117:0.1007"
